ID_ISIN,Bloomberg,Yahoo,Industry
JE00B8KF9B49,WPP LN Equity,WPP.L,Advertising
FR0000130577,PUB FP Equity,PUB.PA,Advertising
GB0002634946,BA/ LN Equity,BA.L,Aerospace/Defense
GB00B63H8491,RR/ LN Equity,RR.L,Aerospace/Defense
GB0005758098,MGGT LN Equity,MGGT.L,Aerospace/Defense
GB00B07KD360,COB LN Equity,COB.L,Aerospace/Defense
GB0009123323,ULE LN Equity,ULE.L,Aerospace/Defense
FR0000073272,SAF FP Equity,SAF.PA,Aerospace/Defense
NL0000235190,AIR FP Equity,AIR.PA,Aerospace/Defense
GB0002875804,BATS LN Equity,BATS.L,Agriculture
GB0004544929,IMB LN Equity,HTG.L,Agriculture
GB0002074580,GNS LN Equity,GNS.L,Agriculture
ES0177542018,IAG LN Equity,IAG.MC,Airlines
GB00B7KR2P84,EZJ LN Equity,EZJ.L,Airlines
JE00BN574F90,WIZZ LN Equity,WIZZ.L,Airlines
DE0008232125,LHA GY Equity,LHA.DE,Airlines
ES0177542018,IAG SM Equity,IAG.MC,Airlines
GG00BBHXCL35,RSE LN Equity,RSE.L,Alternative Fund
GB0031743007,BRBY LN Equity,BRBY.L,Apparel
GB0001048619,TED LN Equity,TED.L,Apparel
FR0000121014,MC FP Equity,MC.PA,Apparel
DE000A1EWWW0,ADS GY Equity,ADS.DE,Apparel
FR0000121501,UG FP Equity,UG.PA,Auto Manufacturers
FR0000131906,RNO FP Equity,RNO.PA,Auto Manufacturers
DE0005190003,BMW GY Equity,BMW.DE,Auto Manufacturers
DE0007664039,VOW3 GY Equity,VOW3.DE,Auto Manufacturers
DE0007100000,DAI GY Equity,DAI.DE,Auto Manufacturers
GB0030646508,GKN LN Equity,GKN.L,Auto Parts&Equipment
FR0000121261,ML FP Equity,ML.PA,Auto Parts&Equipment
FR0000130338,FR FP Equity,FR.PA,Auto Parts&Equipment
DE0005439004,CON GY Equity,CON.DE,Auto Parts&Equipment
GB0005405286,HSBA LN Equity,HSBA.L,Banks
GB0008706128,LLOY LN Equity,LLOY.L,Banks
GB0031348658,BARC LN Equity,BARC.L,Banks
GB0004082847,STAN LN Equity,STAN.L,Banks
GB00B7T77214,RBS LN Equity,RBS.L,Banks
GB00B17BBQ50,INVP LN Equity,INVP.L,Banks
GB00BQ8P0644,VM/ LN Equity,VM.L,Banks
GB00B759CR16,BGEO LN Equity,BGEO.L,Banks
GB00BWDPMF43,SHAW LN Equity,SHAW.L,Banks
GB00BM7S7K96,OSB LN Equity,OSB.L,Banks
FR0000131104,BNP FP Equity,BNP.PA,Banks
FR0000130809,GLE FP Equity,GLE.PA,Banks
FR0000045072,ACA FP Equity,ACA.PA,Banks
DE000CBK1001,CBK GY Equity,CBK.DE,Banks
DE0005140008,DBK GY Equity,DBK.DE,Banks
NL0000303600,INGA NA Equity,INGA.AS,Banks
NL0011540547,ABN NA Equity,ABN.AS,Banks
ES0113900J37,SAN SM Equity,SAN.MC,Banks
ES0113211835,BBVA SM Equity,BBVA.MC,Banks
ES0140609019,CABK SM Equity,CABK.MC,Banks
ES0113860A34,SAB SM Equity,SAB.MC,Banks
ES0113679I37,BKT SM Equity,BKT.MC,Banks
ES0113307021,BKIA SM Equity,BKIA.MC,Banks
ES0113790226,POP SM Equity,POP.MC,Banks
GB0002374006,DGE LN Equity,DGE.L,Beverages
GB0004835483,SAB LN Equity,SAB.L,Beverages
CH0198251305,CCH LN Equity,CCH.L,Beverages
GB00B0N8QD54,BVIC LN Equity,BVIC.L,Beverages
GB00B1JQDM80,MARS LN Equity,MARS.L,Beverages
GB00B6XZKY75,BAG LN Equity,BAG.L,Beverages
FR0000120693,RI FP Equity,RI.PA,Beverages
NL0000009165,HEIA NA Equity,HEIA.AS,Beverages
GB00BJVD3B28,CIR LN Equity,CIR.L,Biotechnology
IE0001827041,CRH LN Equity,CRH.L,Building Materials
GB00B012BV22,MSLH LN Equity,MSLH.L,Building Materials
GB00BKRC5K31,PLP LN Equity,PLP.L,Building Materials
GB00BYXJC278,IBST LN Equity,IBST.L,Building Materials
FR0000125007,SGO FP Equity,SGO.PA,Building Materials
CH0012214059,LHN FP Equity,LHN.PA,Building Materials
DE0006047004,HEI GY Equity,HEI.DE,Building Materials
GB00BZ4BQC70,JMAT LN Equity,JMAT.L,Chemicals
GB00BYZWX769,CRDA LN Equity,CRDA.L,Chemicals
GB00B0744359,ESNT LN Equity,ESNT.L,Chemicals
GB0009292243,VCT LN Equity,VCT.L,Chemicals
GB0002418548,ELM LN Equity,ELM.L,Chemicals
GB0009887422,SYNT LN Equity,SYNT.L,Chemicals
FR0000120073,AI FP Equity,AI.PA,Chemicals
BE0003470755,SOLB BB Equity,SOLB.BR,Chemicals
DE000BASF111,BAS GY Equity,BAS.DE,Chemicals
DE0006483001,LIN GY Equity,LIN.DE,Chemicals
NL0000009827,DSM NA Equity,DSM.AS,Chemicals
NL0000009132,AKZA NA Equity,AKZA.AS,Chemicals
GB00B2B0DG97,REL LN Equity,REL.L,Commercial Services
GB00B19NLV48,EXPN LN Equity,EXPN.L,Commercial Services
GB00B23K0M20,CPI LN Equity,CPI.L,Commercial Services
GB0031638363,ITRK LN Equity,ITRK.L,Commercial Services
GB0009697037,BAB LN Equity,BAB.L,Commercial Services
GB0000536739,AHT LN Equity,AHT.L,Commercial Services
GB00B082RF11,RTO LN Equity,RTO.L,Commercial Services
GB00B01FLG62,GFS LN Equity,GFS.L,Commercial Services
GB00BK1PTB77,AGK LN Equity,AGK.L,Commercial Services
JE00B2R84W06,UBM LN Equity,UBM.L,Commercial Services
GB00B0F99717,BRSN LN Equity,BRSN.L,Commercial Services
GB0004161021,HAS LN Equity,HAS.L,Commercial Services
GB00BMSKPJ95,AA/ LN Equity,AA.L,Commercial Services
GB00B0WMWD03,QQ/ LN Equity,QQ.L,Commercial Services
GB0000608009,ATK LN Equity,ATK.L,Commercial Services
GB00BRB37M78,DTY LN Equity,DTY.L,Commercial Services
GB0030232317,MPI LN Equity,MPI.L,Commercial Services
GB00B135BJ46,SVS LN Equity,SVS.L,Commercial Services
GB00B41H7391,NTG LN Equity,NTG.L,Commercial Services
GB0001528156,IRV LN Equity,IRV.L,Commercial Services
NL0006144495,REN NA Equity,REN.AS,Commercial Services
NL0000379121,RAND NA Equity,RAND.AS,Commercial Services
ES0111845014,ABE SM Equity,ABE.MC,Commercial Services
GB0007973794,SRP LN Equity,SRP.L,Computers
GB00B01QGK86,NCC LN Equity,NCC.L,Computers
GB00BV9FP302,CCC LN Equity,CCC.L,Computers
GB00BYZFZ918,SOPH LN Equity,SPH.L,Computers
GB00BYZDVK82,SCT LN Equity,SCT.L,Computers
FR0000125338,CAP FP Equity,CAP.PA,Computers
NL0000400653,GTO NA Equity,GTO.AS,Computers
ES0118594417,IDR SM Equity,IDR.MC,Computers
GB00B10RZP78,ULVR LN Equity,ULVR.L,Cosmetics/Personal Care
GB00B19Z1432,PZC LN Equity,PZC.L,Cosmetics/Personal Care
FR0000120321,OR FP Equity,OR.PA,Cosmetics/Personal Care
DE0005200000,BEI GY Equity,BEI.DE,Cosmetics/Personal Care
NL0000009355,UNA NA Equity,UNA.AS,Cosmetics/Personal Care
JE00BFNWV485,WOS LN Equity,WOS.L,Distribution/Wholesale
GB00B0744B38,BNZL LN Equity,BNZL.L,Distribution/Wholesale
GB00B61TVQ02,INCH LN Equity,INCH.L,Distribution/Wholesale
GB0001826634,DPLM LN Equity,DPLM.L,Distribution/Wholesale
GB0008025412,SHI LN Equity,SHI.L,Distribution/Wholesale
CA29382B1022,ETO LN Equity,ETO.L,Distribution/Wholesale
GB00B0SWJX34,LSE LN Equity,LSE.L,Diversified Finan Serv
GB00B1Z4ST84,PFG LN Equity,PFG.L,Diversified Finan Serv
GB00BYYK2V80,WPG LN Equity,ICP.L,Diversified Finan Serv
GB0002405495,SDR LN Equity,SDR.L,Diversified Finan Serv
GB00B1VZ0M25,HL/ LN Equity,HL.L,Diversified Finan Serv
GB00B06QFB75,IGG LN Equity,IGG.L,Diversified Finan Serv
GB0000031285,ADN LN Equity,ADN.L,Diversified Finan Serv
JE00B3CM9527,HGG LN Equity,HGG.L,Diversified Finan Serv
GB0033872168,IAP LN Equity,IAP.L,Diversified Finan Serv
GB00BYY5B507,ICP LN Equity,ICP.L,Diversified Finan Serv
GB00B83VD954,EMG LN Equity,EMG.L,Diversified Finan Serv
GB0007668071,CBG LN Equity,CBG.L,Diversified Finan Serv
GB00B53P2009,JUP LN Equity,JUP.L,Diversified Finan Serv
GB00B132NW22,ASHM LN Equity,ASHM.L,Diversified Finan Serv
GB0002148343,RAT LN Equity,RAT.L,Diversified Finan Serv
GB00B2NGPM57,PAG LN Equity,PAG.L,Diversified Finan Serv
GB00B1H0DZ51,TLPR LN Equity,TLPR.L,Diversified Finan Serv
GB0001765816,BRW LN Equity,BRW.L,Diversified Finan Serv
GB00B1YKG049,IPF LN Equity,IPF.L,Diversified Finan Serv
GB00B02QND93,PAY LN Equity,PAY.L,Diversified Finan Serv
GB00BQQMCJ47,ALD LN Equity,ALD.L,Diversified Finan Serv
DE0005810055,DB1 GY Equity,DB1.DE,Diversified Finan Serv
GB0007908733,SSE LN Equity,SSE.L,Electric
GB00B1VNSX38,DRX LN Equity,DRX.L,Electric
FR0010208488,ENGI FP Equity,ENGI.PA,Electric
DE0007037129,RWE GY Equity,RWE.DE,Electric
DE000ENAG999,EOAN GY Equity,EOAN.DE,Electric
ES0144580Y14,IBE SM Equity,IBE.MC,Electric
ES0173093115,REE SM Equity,REE.MC,Electric
ES0130670112,ELE SM Equity,ELE.MC,Electric
FR0000121972,SU FP Equity,SU.PA,Electrical Compo&Equip
FR0010307819,LR FP Equity,LR.PA,Electrical Compo&Equip
ES0143416115,GAM SM Equity,GAM.MC,Electrical Compo&Equip
GB0004052071,HLMA LN Equity,HLMA.L,Electronics
GB0003308607,SXS LN Equity,SXS.L,Electronics
GB00BVFNZH21,ROR LN Equity,ROR.L,Electronics
GB0003096442,ECM LN Equity,ECM.L,Electronics
GB0007323586,RSW LN Equity,RSW.L,Electronics
NL0000009538,PHIA NA Equity,PHIA.AS,Electronics
GB00B1FP8915,BBA LN Equity,BBA.L,Engineering&Construction
GB0000961622,BBY LN Equity,BBY.L,Engineering&Construction
GB0007365546,CLLN LN Equity,CLLN.L,Engineering&Construction
GB0004915632,KIE LN Equity,KIE.L,Engineering&Construction
GB00BYYTFB60,HSV LN Equity,HSV.L,Engineering&Construction
GB0004866223,KLR LN Equity,KLR.L,Engineering&Construction
FR0000125486,DG FP Equity,DG.PA,Engineering&Construction
FR0000120503,EN FP Equity,EN.PA,Engineering&Construction
NL0000852580,BOKA NA Equity,BOKA.AS,Engineering&Construction
ES0118900010,FER SM Equity,FER.MC,Engineering&Construction
ES0105046009,AENA SM Equity,AENA.MC,Engineering&Construction
ES0167050915,ACS SM Equity,ACS.MC,Engineering&Construction
ES0125220311,ANA SM Equity,ANA.MC,Engineering&Construction
ES0122060314,FCC SM Equity,FCC.MC,Engineering&Construction
ES0178165017,TRE SM Equity,TRE.MC,Engineering&Construction
ES0142090317,OHL SM Equity,OHL.MC,Engineering&Construction
ES0182870214,SCYR SM Equity,SCYR.MC,Engineering&Construction
IE00BWT6H894,PPB LN Equity,GFTU.L,Entertainment
GB00BDZT6P94,MERL LN Equity,MERL.L,Entertainment
GB0031698896,WMH LN Equity,WMH.L,Entertainment
GB00B0ZSH635,LAD LN Equity,LAD.L,Entertainment
GB00B15FWH70,CINE LN Equity,CINE.L,Entertainment
GB00B1L5QH97,RNK LN Equity,RNK.L,Entertainment
GB0008847096,TSCO LN Equity,TSCO.L,Food
GB0006731235,ABF LN Equity,ABF.L,Food
GB0006043169,MRW LN Equity,MRW.L,Food
GB00B019KW72,SBRY LN Equity,SBRY.L,Food
GB00B01TND91,BOK LN Equity,BOK.L,Food
GB0008754136,TATE LN Equity,TATE.L,Food
IE0003864109,GNC LN Equity,GNC.L,Food
GB00BNGWY422,SSPG LN Equity,SSPG.L,Food
GB0002318888,CWK LN Equity,CWK.L,Food
GB00B63QSB39,GRG LN Equity,GRG.L,Food
GB00B3MBS747,OCDO LN Equity,OCDO.L,Food
GB0002502812,DCG LN Equity,DCG.L,Food
FR0000120644,BN FP Equity,BN.PA,Food
FR0000120172,CA FP Equity,CA.PA,Food
NL0010672325,AH NA Equity,AH.AS,Food
ES0126775032,DIA SM Equity,DIA.MC,Food
GB00BLNN3L44,CPG LN Equity,CPG.L,Food Service
FR0000121220,SW FP Equity,SW.PA,Food Service
GB00B1CRLC47,MNDI LN Equity,MNDI.L,Forest Products&Paper
GB0008220112,SMDS LN Equity,SMDS.L,Forest Products&Paper
GB00B08SNH34,NG/ LN Equity,NG.L,Gas
GB00B033F229,CNA LN Equity,CNA.L,Gas
ES0116870314,GAS SM Equity,GAS.MC,Gas
ES0130960018,ENG SM Equity,ENG.MC,Gas
GB0009223206,SN/ LN Equity,SN.L,Healthcare-Products
FR0000121667,EI FP Equity,EI.PA,Healthcare-Products
GB00B8HX8Z88,MDC LN Equity,SGE.L,Healthcare-Services
IE0033024807,UDG LN Equity,UDG.L,Healthcare-Services
GB00BNLPYF73,SPI LN Equity,SPI.L,Healthcare-Services
GB00B7FC0762,NMC LN Equity,NMC.L,Healthcare-Services
DE0005785604,FRE GY Equity,FRE.DE,Healthcare-Services
DE0005785802,FME GY Equity,FME.DE,Healthcare-Services
GB0004657408,MTO LN Equity,MTO.L,Holding Companies-Divers
GB0008782301,TW/ LN Equity,TW.L,Home Builders
GB0006825383,PSN LN Equity,PSN.L,Home Builders
GB0000811801,BDEV LN Equity,BDEV.L,Home Builders
GB00B02L3W35,BKG LN Equity,BKG.L,Home Builders
GB0000904986,BWY LN Equity,BWY.L,Home Builders
GB00B8VZXT93,CRST LN Equity,CRST.L,Home Builders
GB0001859296,BVS LN Equity,BVS.L,Home Builders
GB00B3Y2J508,GFRD LN Equity,GFRD.L,Home Builders
GB0007282386,RDW LN Equity,RDW.L,Home Builders
GB0005576813,HWDN LN Equity,HWDN.L,Home Furnishings
GB00B24CGK77,RB/ LN Equity,RB.L,Household Products/Wares
DE0006048432,HEN3 GY Equity,HEN3.DE,Household Products/Wares
GB0007099541,PRU LN Equity,PRU.L,Insurance
GB0002162385,AV/ LN Equity,AV.L,Insurance
GB0005603997,LGEN LN Equity,LGEN.L,Insurance
GB00B77J0862,OML LN Equity,OML.L,Insurance
GB00BVFD7Q58,SL/ LN Equity,SL.L,Insurance
GB00BY9D0Y18,DLG LN Equity,DLG.L,Insurance
GB00BKKMKR23,RSA LN Equity,RSA.L,Insurance
GB0007669376,STJ LN Equity,STJ.L,Insurance
GB00B02J6398,ADM LN Equity,ADM.L,Insurance
BMG4593F1389,HSX LN Equity,HSX.L,Insurance
GB00BLT1Y088,SAGA LN Equity,SAGA.L,Insurance
KYG7091M1096,PHNX LN Equity,PHNX.L,Insurance
GB00BYQ0JC66,BEZ LN Equity,BEZ.L,Insurance
BMG5361W1047,LRE LN Equity,LRE.L,Insurance
GB0005203376,JLT LN Equity,JLT.L,Insurance
GB00B8KJH563,ESUR LN Equity,ESUR.L,Insurance
GB00BCRX1J15,JRP LN Equity,JRP.L,Insurance
GB00BYRJH519,HSTG LN Equity,HSTG.L,Insurance
FR0000120628,CS FP Equity,CS.PA,Insurance
DE0008404005,ALV GY Equity,ALV.DE,Insurance
DE0008430026,MUV2 GY Equity,MUV2.DE,Insurance
NL0000303709,AGN NA Equity,AGN.AS,Insurance
NL0010773842,NN NA Equity,NN.AS,Insurance
ES0124244E34,MAP SM Equity,MAP.MC,Insurance
GB00BVYVFW23,AUTO LN Equity,AUTO.L,Internet
GB00B2987V85,RMV LN Equity,RMV.L,Internet
GB00BKX5CN86,JE/ LN Equity,JE.L,Internet
GB0034264548,PAYS LN Equity,ITV.L,Internet
GB00B1ZBKY84,MONY LN Equity,MONY.L,Internet
GB00BMHTHT14,ZPLA LN Equity,ZPLA.L,Internet
GB00BVC3CB83,JLG LN Equity,JLG.L,Investment Companies
GG00BBHX2H91,TRIG LN Equity,TRIG.L,Investment Companies
GB00BZ1G4322,MRO LN Equity,MRO.L,Investment Companies
GB00B71N6K86,EVR LN Equity,EVR.L,Iron/Steel
DE0007500001,TKA GY Equity,TKA.DE,Iron/Steel
LU0323134006,MT NA Equity,MT.AS,Iron/Steel
LU0323134006,MTS SM Equity,MTS.MC,Iron/Steel
ES0132105018,ACX SM Equity,ACX.MC,Iron/Steel
GB0031215220,CCL LN Equity,CCL.L,Leisure Time
DE000TUAG000,TUI LN Equity,TUI.L,Leisure Time
GB00B1VYCH82,TCG LN Equity,TCG.L,Leisure Time
GB00B1KJJ408,WTB LN Equity,WTB.L,Lodging
GB00BYXK6398,IHG LN Equity,IHG.L,Lodging
GB0005622542,MLC LN Equity,MLC.L,Lodging
FR0000120404,AC FP Equity,AC.PA,Lodging
GB0009465807,WEIR LN Equity,WEIR.L,Machinery-Diversified
GB00BWFGQN14,SPX LN Equity,SPX.L,Machinery-Diversified
GB0001411924,SKY LN Equity,SKY.L,Media
GB0033986497,ITV LN Equity,ITV.L,Media
GB0006776081,PSON LN Equity,PSON.L,Media
GB00BMJ6DW54,INF LN Equity,INF.L,Media
GB0006886666,ERM LN Equity,ERM.L,Media
FR0000127771,VIV FP Equity,VIV.PA,Media
DE000PSM7770,PSM GY Equity,SDF.DE,Media
NL0000395903,WKL NA Equity,WKL.AS,Media
NL0011333752,ATC NA Equity,ATC.AS,Media
ES0152503035,TL5 SM Equity,TL5.MC,Media
GB00B3FLWH99,BOY LN Equity,BOY.L,Metal Fabricate/Hardware
GB0007188757,RIO LN Equity,RIO.L,Mining
GB0000566504,BLT LN Equity,BLT.L,Mining
JE00B4T3BW64,GLEN LN Equity,GLEN.L,Mining
GB00B1XZS820,AAL LN Equity,AAL.L,Mining
GB00B01C3S32,RRS LN Equity,RRS.L,Mining
GB00B2QPKJ12,FRES LN Equity,FRES.L,Mining
GB0000456144,ANTO LN Equity,ANTO.L,Mining
JE00B6T5S470,POLY LN Equity,POLY.L,Mining
JE00B5TT1872,CEY LN Equity,CEY.L,Mining
GB00B61D2N63,ACA LN Equity,ACA.L,Mining
GB0033277061,VED LN Equity,VED.L,Mining
GB00B0HZPV38,KAZ LN Equity,KAZ.L,Mining
GB00B1WY2338,SMIN LN Equity,SMIN.L,Miscellaneous Manufactur
GB00BGLP8L22,IMI LN Equity,IMI.L,Miscellaneous Manufactur
GB00B82YXW83,VSVS LN Equity,VSVS.L,Miscellaneous Manufactur
GB0007958233,SNR LN Equity,SNR.L,Miscellaneous Manufactur
GB0006027295,MGAM LN Equity,MGAM.L,Miscellaneous Manufactur
DE0007236101,SIE GY Equity,SIE.DE,Miscellaneous Manufactur
NL0000852564,AALB NA Equity,AALB.AS,Miscellaneous Manufactur
GB00B03MLX29,RDSA LN Equity,RDSA.L,Oil&Gas
GB0007980591,BP/ LN Equity,BP.L,Oil&Gas
GB00B03MM408,RDSB LN Equity,RDSB.L,Oil&Gas
IE0002424939,DCC LN Equity,DCC.L,Oil&Gas
GB0001500809,TLW LN Equity,TLW.L,Oil&Gas
GB00B74CDH82,CNE LN Equity,CNE.L,Oil&Gas
GB00B24CT194,OPHR LN Equity,OPHR.L,Oil&Gas
FR0000120271,FP FP Equity,FP.PA,Oil&Gas
GB00B03MLX29,RDSA NA Equity,RDSA.AS,Oil&Gas
ES0173516115,REP SM Equity,REP.MC,Oil&Gas
GB00B5N0P849,WG/ LN Equity,WG.L,Oil&Gas Services
GB00B0H2K534,PFC LN Equity,PFC.L,Oil&Gas Services
GB0000282623,AMFW LN Equity,AMFW.L,Oil&Gas Services
FR0000131708,TEC FP Equity,TEC.PA,Oil&Gas Services
NL0000360618,SBMO NA Equity,SBMO.AS,Oil&Gas Services
GB00BMHTPY25,REX LN Equity,REX.L,Packaging&Containers
GB0007197378,RPC LN Equity,RPC.L,Packaging&Containers
GB0009252882,GSK LN Equity,GSK.L,Pharmaceuticals
GB0009895292,AZN LN Equity,AZN.L,Pharmaceuticals
JE00B2QKY057,SHP LN Equity,SHP.L,Pharmaceuticals
GB00B0LCW083,HIK LN Equity,HIK.L,Pharmaceuticals
GB0001001592,BTG LN Equity,BTG.L,Pharmaceuticals
GB00BRS65X63,INDV LN Equity,INDV.L,Pharmaceuticals
GB0009633180,DPH LN Equity,DPH.L,Pharmaceuticals
GB00B01D1K48,VEC LN Equity,VEC.L,Pharmaceuticals
FR0000120578,SAN FP Equity,SAN.PA,Pharmaceuticals
DE000BAY0017,BAYN GY Equity,BAYN.DE,Pharmaceuticals
DE0006599905,MRK GY Equity,MRK.DE,Pharmaceuticals
ES0171996087,GRF SM Equity,GRF.MC,Pharmaceuticals
NL0009432491,VPK NA Equity,VPK.AS,Pipelines
GB00B1YW4409,III LN Equity,III.L,Private Equity
GB0007892358,SVI LN Equity,SVI.L,Private Equity
GB00B128J450,IPO LN Equity,IPO.L,Private Equity
GB00BLRLH124,ALM LN Equity,ALM.L,Private Equity
GB00B62G9D36,CAPC LN Equity,CAPC.L,Real Estate
JE00B3CGFD43,RGU LN Equity,RGU.L,Real Estate
GB0006928617,UTG LN Equity,UTG.L,Real Estate
JE00BJT32513,KWE LN Equity,KWE.L,Real Estate
GB00B04V1276,GRI LN Equity,GRI.L,Real Estate
GB00BYNVD082,MCS LN Equity,MCS.L,Real Estate
GB00B9NWP991,CWD LN Equity,CWD.L,Real Estate
GB0007291015,SMP LN Equity,SMP.L,Real Estate
GB0002502036,DJAN LN Equity,DJAN.L,Real Estate
GB0001592475,CLI LN Equity,CLI.L,Real Estate
DE000A1ML7J1,VNA GY Equity,VNA.DE,Real Estate
GB0031809436,LAND LN Equity,LAND.L,REITS
GB0001367019,BLND LN Equity,BLND.L,REITS
GB0004065016,HMSO LN Equity,HMSO.L,REITS
GB0006834344,INTU LN Equity,INTU.L,REITS
GB0002652740,DLN LN Equity,DLN.L,REITS
GB00B5ZN1N88,SGRO LN Equity,SGRO.L,REITS
GB00B01FLL16,GPOR LN Equity,GPOR.L,REITS
GB0007990962,SHB LN Equity,SHB.L,REITS
GB0002869419,BYG LN Equity,BYG.L,REITS
GB00BG49KP99,BBOX LN Equity,BBOX.L,REITS
GB00B4WFW713,LMP LN Equity,LMP.L,REITS
GB00B67G5X01,WKP LN Equity,WKP.L,REITS
GB00BVGBWW93,AGR LN Equity,ROR.L,REITS
GB00B0PPFY88,HSTN LN Equity,HSTN.L,REITS
IM00B8BV8G91,RDI LN Equity,RDI.L,REITS
FR0000121964,LI FP Equity,LI.PA,REITS
FR0000124711,UL NA Equity,UL.AS,REITS
ES0105025003,MRL SM Equity,TUI.L,REITS
GB0033195214,KGF LN Equity,KGF.L,Retail
GB0032089863,NXT LN Equity,NXT.L,Retail
GB0031274896,MKS LN Equity,MKS.L,Retail
GB0007739609,TPK LN Equity,TPK.L,Retail
GB00B4Y7R145,DC/ LN Equity,DC.L,Retail
GB00B0HZP136,GNK LN Equity,GNK.L,Retail
LU1072616219,BME LN Equity,BME.L,Retail
GB00B2PDGW16,SMWH LN Equity,SMWH.L,Retail
IE00B00MZ448,GFTU LN Equity,GFTU.L,Retail
GB00B1S49Q91,DOM LN Equity,DOM.L,Retail
GB00B19NKB76,HOME LN Equity,HOME.L,Retail
GB00B1QH8P22,SPD LN Equity,SPD.L,Retail
GB00B126KH97,DEB LN Equity,DEB.L,Retail
GB00BJ62K685,PETS LN Equity,PETS.L,Retail
GB00BLY2F708,CARD LN Equity,CARD.L,Retail
GB00B1CKQ739,DNLM LN Equity,DNLM.L,Retail
GB00B012TP20,HFD LN Equity,HFD.L,Retail
GB00BMNQZP86,JD/ LN Equity,JD.L,Retail
GB0033040113,DRTY LN Equity,NXT.L,Retail
GB00B1FP6H53,MAB LN Equity,MAB.L,Retail
GB00B0YG1K06,RTN LN Equity,RTN.L,Retail
GB0001638955,JDW LN Equity,JDW.L,Retail
GB00B1JQBT10,PDG LN Equity,PDG.L,Retail
GB00BTC0LB89,DFS LN Equity,DFS.L,Retail
GB00B17MMZ46,LOOK LN Equity,LOOK.L,Retail
GB00B60BD277,SGP LN Equity,SGP.L,Retail
GB00B1P6ZR11,BWNG LN Equity,BWNG.L,Retail
GB00BJTNFH41,AO/ LN Equity,AO.L,Retail
GB00BQPW6Y82,CHOO LN Equity,CHOO.L,Retail
FR0000121485,KER FP Equity,KER.PA,Retail
ES0148396007,ITX SM Equity,ITX.MC,Retail
GB0000595859,ARM LN Equity,ARM.L,Semiconductors
DE0006231004,IFX GY Equity,IFX.DE,Semiconductors
NL0010273215,ASML NA Equity,ASML.AS,Semiconductors
GB00B8C3BL03,SGE LN Equity,SGE.L,Software
GB00BQY7BX88,MCRO LN Equity,MCRO.L,Software
IM00B7S9G985,PTEC LN Equity,PTEC.L,Software
GB00BBG9VN75,AVV LN Equity,AVV.L,Software
GB0007590234,FDSA LN Equity,FDSA.L,Software
DE0007164600,SAP GY Equity,SAP.DE,Software
ES0109067019,AMS SM Equity,AMS.MC,Software
GB00B1N7Z094,SAFE LN Equity,SAFE.L,Storage/Warehousing
GB00BH4HKS39,VOD LN Equity,VOD.L,Telecommunications
GB0030913577,BT/A LN Equity,BT-A.L,Telecommunications
GB00B09LSH68,ISAT LN Equity,ISAT.L,Telecommunications
GB00B4YCDF59,TALK LN Equity,TALK.L,Telecommunications
GB00B1VNST91,LRD LN Equity,LRD.L,Telecommunications
GB0008794710,TEP LN Equity,TEP.L,Telecommunications
FR0000133308,ORA FP Equity,ORA.PA,Telecommunications
DE0005557508,DTE GY Equity,DTE.DE,Telecommunications
NL0000009082,KPN NA Equity,KPN.AS,Telecommunications
ES0178430E18,TEF SM Equity,TEF.MC,Telecommunications
GB00BDVZYZ77,RMG LN Equity,RMG.L,Transportation
GB0006215205,NEX LN Equity,NEX.L,Transportation
GB0003452173,FGP LN Equity,FGP.L,Transportation
GB0003753778,GOG LN Equity,GOG.L,Transportation
GB00B6YTLS95,SGC LN Equity,SGC.L,Transportation
GB0002018363,CKN LN Equity,CKN.L,Transportation
DE0005552004,DPW GY Equity,DPW.DE,Transportation
NL0009739424,TNTE NA Equity,TNTE.AS,Transportation
GB00B39J2M42,UU/ LN Equity,UU.L,Water
GB00B1FH8J72,SVT LN Equity,SVT.L,Water
GB00B18V8630,PNN LN Equity,PNN.L,Water
FR0000124141,VIE FP Equity,VIE.PA,Water
