"Bloomberg","Yahoo","Industry","Name"
"ABI BB Equity","ABI.BR","Consumer, Non-cyclical","Anheuser-Busch InBev SA/NV"
"CHR DC Equity","CHR.CO","Consumer, Non-cyclical","Chr Hansen Holding A/S"
"NOVOB DC Equity","NOVO-B.CO","Consumer, Non-cyclical","Novo Nordisk A/S"
"TRYG DC Equity","TRYG.CO","Financial","Tryg A/S"
"ROCKB DC Equity","ROCK-B.CO",NA,"ROCKWOOL International A/S"
"GMAB DC Equity","GMAB.CO",NA,"Genmab A/S"
"SIM DC Equity","SIM.CO","Technology","SimCorp A/S"
"DEMANT DC Equity","DEMANT.CO",NA,"Demant A/S"
"DANSKE DC Equity","DANSKE.CO","Financial","Danske Bank A/S"
"PNDORA DC Equity","PNDORA.CO","Consumer, Cyclical","Pandora A/S"
"VWS DC Equity","VWS.CO","Energy","Vestas Wind Systems A/S"
"COLOB DC Equity","COLO-B.CO","Consumer, Non-cyclical","Coloplast A/S"
"CARLB DC Equity","CARL-B.CO",NA,"Carlsberg AS"
"RBREW DC Equity","RBREW.CO","Consumer, Non-cyclical","Royal Unibrew A/S"
"ORSTED DC Equity","ORSTED.CO","Utilities","Orsted A/S"
"GN DC Equity","GN.CO","Consumer, Non-cyclical","GN Store Nord A/S"
"DSV DC Equity","DSV.CO",NA,"DSV PANALPINA A/S"
"FLS DC Equity","FLS.CO","Industrial","FLSmidth & Co A/S"
"ISS DC Equity","ISS.CO","Consumer, Non-cyclical","ISS A/S"
"MAERSKB DC Equity","MAERSK-B.CO","Industrial","AP Moller - Maersk A/S"
"NZYMB DC Equity","NZYM-B.CO","Basic Materials","Novozymes A/S"
"MAERSKA DC Equity","MAERSK-A.CO","Industrial","AP Moller - Maersk A/S"
"JYSK DC Equity","JYSK.CO","Financial","Jyske Bank A/S"
"AMBUB DC Equity","AMBU-B.CO","Consumer, Non-cyclical","Ambu A/S"
"BAVA DC Equity","BAVA.CO",NA,"Bavarian Nordic A/S"
"LUN DC Equity","LUN.CO","Consumer, Non-cyclical","H Lundbeck A/S"
"TYRES FH Equity","TYRES.HE",NA,"Nokian Renkaat Oyj"
"VALMT FH Equity","VALMT.HE",NA,"Valmet Oyj"
"FORTUM FH Equity","FORTUM.HE",NA,"Fortum Oyj"
"ELISA FH Equity","ELISA.HE",NA,"Elisa Oyj"
"NOKIA FH Equity","NOKIA.HE",NA,"Nokia Oyj"
"CGCBV FH Equity","CGCBV.HE","Industrial","Cargotec Oyj"
"KNEBV FH Equity","KNEBV.HE",NA,"Kone Oyj"
"KCR FH Equity","KCR.HE",NA,"Konecranes Oyj"
"HUH1V FH Equity","HUH1V.HE",NA,"Huhtamaki Oyj"
"MOCORP FH Equity","MOCORP.HE",NA,"Metso Outotec Oyj"
"METSB FH Equity","METSB.HE",NA,"Metsa Board Oyj"
"KESKOB FH Equity","KESKOB.HE",NA,"Kesko Oyj"
"KOJAMO FH Equity","KOJAMO.HE",NA,"Kojamo Oyj"
"KEMIRA FH Equity","KEMIRA.HE",NA,"Kemira Oyj"
"TELIA1 FH Equity","TELIA1.HE","Communications","Telia Co AB"
"OUT1V FH Equity","OUT1V.HE",NA,"Outokumpu Oyj"
"UPM FH Equity","UPM.HE",NA,"UPM-Kymmene Oyj"
"TIETO FH Equity","TIETO.HE",NA,"TietoEVRY Oyj"
"STERV FH Equity","STERV.HE",NA,"Stora Enso Oyj"
"WRT1V FH Equity","WRT1V.HE","Industrial","Wartsila OYJ Abp"
"NELES FH Equity","NELES.HE",NA,"Neles Oyj"
"ORNBV FH Equity","ORNBV.HE","Consumer, Non-cyclical","Orion Oyj"
"NESTE FH Equity","NESTE.HE","Energy","Neste Oyj"
"SAMPO FH Equity","SAMPO.HE","Financial","Sampo Oyj"
"VIE FP Equity","VIE.PA","Utilities","Veolia Environnement SA"
"HO FP Equity","HO.PA",NA,"Thales SA"
"ML FP Equity","ML.PA","Consumer, Cyclical","Michelin"
"RI FP Equity","RI.PA","Consumer, Non-cyclical","Pernod Ricard SA"
"ATO FP Equity","ATO.PA","Technology","Atos SE"
"SAN FP Equity","SAN.PA","Consumer, Non-cyclical","Sanofi"
"BNP FP Equity","BNP.PA","Financial","BNP Paribas SA"
"ENGI FP Equity","ENGI.PA","Utilities","Engie SA"
"WLN FP Equity","WLN.PA",NA,"Worldline SA/France"
"AC FP Equity","AC.PA","Consumer, Cyclical","Accor SA"
"EL FP Equity","EL.PA","Consumer, Non-cyclical","EssilorLuxottica SA"
"UG FP Equity","UG.PA","Consumer, Cyclical","Peugeot SA"
"DG FP Equity","DG.PA","Industrial","Vinci SA"
"MC FP Equity","MC.PA","Consumer, Cyclical","LVMH Moet Hennessy Louis Vuitton SE"
"AIR FP Equity","AIR.PA","Industrial","Airbus SE"
"EN FP Equity","EN.PA","Industrial","Bouygues SA"
"VIV FP Equity","VIV.PA","Communications","Vivendi SA"
"LR FP Equity","LR.PA","Industrial","Legrand SA"
"SGO FP Equity","SGO.PA","Industrial","Cie de Saint-Gobain"
"KER FP Equity","KER.PA","Consumer, Cyclical","Kering SA"
"OR FP Equity","OR.PA","Consumer, Non-cyclical","L'Oreal SA"
"RNO FP Equity","RNO.PA","Consumer, Cyclical","Renault SA"
"SAF FP Equity","SAF.PA","Industrial","Safran SA"
"ACA FP Equity","ACA.PA","Financial","Credit Agricole SA"
"ORA FP Equity","ORA.PA","Communications","Orange SA"
"SU FP Equity","SU.PA","Industrial","Schneider Electric SE"
"PUB FP Equity","PUB.PA","Communications","Publicis Groupe SA"
"CAP FP Equity","CAP.PA","Technology","Capgemini SE"
"RMS FP Equity","RMS.PA","Consumer, Cyclical","Hermes International"
"TEP FP Equity","TEP.PA",NA,"Teleperformance"
"BN FP Equity","BN.PA","Consumer, Non-cyclical","Danone SA"
"DSY FP Equity","DSY.PA","Technology","Dassault Systemes SE"
"FP FP Equity","FP.PA","Energy","TOTAL SA"
"STM FP Equity","STM.PA","Technology","STMicroelectronics NV"
"AI FP Equity","AI.PA","Basic Materials","Air Liquide SA"
"CS FP Equity","CS.PA","Financial","AXA SA"
"GLE FP Equity","GLE.PA","Financial","Societe Generale SA"
"CA FP Equity","CA.PA","Consumer, Non-cyclical","Carrefour SA"
"1COV GY Equity","1COV.DE","Basic Materials","Covestro AG"
"RWE GY Equity","RWE.DE","Utilities","RWE AG"
"BMW GY Equity","BMW.DE","Consumer, Cyclical","Bayerische Motoren Werke AG"
"BAS GY Equity","BAS.DE","Basic Materials","BASF SE"
"DBK GY Equity","DBK.DE","Financial","Deutsche Bank AG"
"WDI GY Equity","WDI.DE","Consumer, Non-cyclical","Wirecard AG"
"FME GY Equity","FME.DE","Consumer, Non-cyclical","Fresenius Medical Care AG & Co KGaA"
"BAYN GY Equity","BAYN.DE","Consumer, Non-cyclical","Bayer AG"
"ALV GY Equity","ALV.DE","Financial","Allianz SE"
"MTX GY Equity","MTX.DE",NA,"MTU Aero Engines AG"
"MRK GY Equity","MRK.DE","Consumer, Non-cyclical","Merck KGaA"
"SIE GY Equity","SIE.DE","Industrial","Siemens AG"
"SAP GY Equity","SAP.DE","Technology","SAP SE"
"HEN3 GY Equity","HEN3.DE","Consumer, Non-cyclical","Henkel AG & Co KGaA"
"FRE GY Equity","FRE.DE","Consumer, Non-cyclical","Fresenius SE & Co KGaA"
"ADS GY Equity","ADS.DE","Consumer, Cyclical","adidas AG"
"DB1 GY Equity","DB1.DE","Financial","Deutsche Boerse AG"
"DAI GY Equity","DAI.DE","Consumer, Cyclical","Daimler AG"
"IFX GY Equity","IFX.DE","Technology","Infineon Technologies AG"
"BEI GY Equity","BEI.DE","Consumer, Non-cyclical","Beiersdorf AG"
"LIN GY Equity","LIN.DE","Basic Materials","Linde PLC"
"MUV2 GY Equity","MUV2.DE","Financial","Munich Re"
"DWNI GY Equity","DWNI.DE",NA,"Deutsche Wohnen SE"
"EOAN GY Equity","EOAN.DE","Utilities","E.ON SE"
"DTE GY Equity","DTE.DE","Communications","Deutsche Telekom AG"
"DPW GY Equity","DPW.DE","Industrial","Deutsche Post AG"
"VNA GY Equity","VNA.DE","Financial","Vonovia SE"
"HEI GY Equity","HEI.DE","Industrial","HeidelbergCement AG"
"VOW3 GY Equity","VOW3.DE","Consumer, Cyclical","Volkswagen AG"
"CON GY Equity","CON.DE","Consumer, Cyclical","Continental AG"
"CRH ID Equity","CRG.IR","Industrial","CRH PLC"
"ISP IM Equity","ISP.MI","Financial","Intesa Sanpaolo SpA"
"ENI IM Equity","ENI.MI","Energy","Eni SpA"
"ENEL IM Equity","ENEL.MI","Utilities","Enel SpA"
"EZJ LN Equity","EZJ.L","Consumer, Cyclical","easyJet PLC"
"EVR LN Equity","EVR.L","Basic Materials","Evraz PLC"
"WPP LN Equity","WPP.L","Communications","WPP PLC"
"AAF LN Equity","AAF.L",NA,"Airtel Africa PLC"
"BBY LN Equity","BBY.L",NA,"Balfour Beatty PLC"
"FERG LN Equity","FERG.L","Consumer, Cyclical","Ferguson PLC"
"HOC LN Equity","HOC.L",NA,"Hochschild Mining PLC"
"FCIT LN Equity","FCIT.L",NA,"F&C Investment Trust PLC"
"BDEV LN Equity","BDEV.L","Consumer, Cyclical","Barratt Developments PLC"
"FGT LN Equity","FGT.L",NA,"Finsbury Growth & Income Trust PLC/Fund"
"BGEO LN Equity","BGEO.L",NA,"Bank of Georgia Group PLC"
"CRDA LN Equity","CRDA.L","Basic Materials","Croda International PLC"
"ADM LN Equity","ADM.L","Financial","Admiral Group PLC"
"AGT LN Equity","AGT.L",NA,"Avi Global Trust PLC"
"AHT LN Equity","AHT.L","Consumer, Non-cyclical","Ashtead Group PLC"
"BNKR LN Equity","BNKR.L",NA,"Bankers Investment Trust PLC/The"
"EXPN LN Equity","EXPN.L","Consumer, Non-cyclical","Experian PLC"
"WWH LN Equity","WWH.L",NA,"Worldwide Healthcare Trust PLC/Fund"
"FLTR LN Equity","FLTR.L",NA,"Flutter Entertainment PLC"
"BOY LN Equity","BOY.L",NA,"Bodycote PLC"
"WG/ LN Equity","WG.L","Energy","John Wood Group PLC"
"OXIG LN Equity","OXIG.L",NA,"Oxford Instruments PLC"
"FOUR LN Equity","FOUR.L",NA,"4imprint Group PLC"
"PAG LN Equity","PAG.L",NA,"Paragon Banking Group PLC"
"WKP LN Equity","WKP.L",NA,"Workspace Group PLC"
"HVPE LN Equity","HVPE.L",NA,"HarbourVest Global Private Equity Ltd"
"ABF LN Equity","ABF.L","Consumer, Non-cyclical","Associated British Foods PLC"
"INCH LN Equity","INCH.L",NA,"Inchcape PLC"
"FSFL LN Equity","FSFL.L",NA,"Foresight Solar Fund Ltd"
"FSJ LN Equity","FSJ.L",NA,"James Fisher & Sons PLC"
"BRWM LN Equity","BRWM.L",NA,"BlackRock World Mining Trust PLC"
"WOSG LN Equity","WOSG.L",NA,"Watches of Switzerland Group PLC"
"SDP LN Equity","SDP.L",NA,"Schroder AsiaPacific Fund PLC"
"BWY LN Equity","BWY.L",NA,"Bellway PLC"
"FUTR LN Equity","FUTR.L",NA,"Future PLC"
"FXPO LN Equity","FXPO.L",NA,"Ferrexpo PLC"
"BHP LN Equity","BHP.L","Basic Materials","BHP Group PLC"
"FDM LN Equity","FDM.L",NA,"FDM Group Holdings PLC"
"FRES LN Equity","FRES.L","Basic Materials","Fresnillo PLC"
"AML LN Equity","AML.L",NA,"Aston Martin Lagonda Global Holdings PLC"
"MGNS LN Equity","MGNS.L",NA,"Morgan Sindall Group PLC"
"DPH LN Equity","DPH.L",NA,"Dechra Pharmaceuticals PLC"
"FEV LN Equity","FEV.L",NA,"Fidelity European Trust PLC"
"BBGI LN Equity","BBGI.L",NA,"BBGI SICAV SA/Fund"
"FGP LN Equity","FGP.L",NA,"Firstgroup PLC"
"PHP LN Equity","PHP.L",NA,"Primary Health Properties PLC"
"AGK LN Equity","AGK.L",NA,"Aggreko PLC"
"FIN LN Equity","FIN.L",NA,"Finablr PLC"
"ITV LN Equity","ITV.L","Communications","ITV PLC"
"ANTO LN Equity","ANTO.L","Basic Materials","Antofagasta PLC"
"AO/ LN Equity","AO.L",NA,"AO World PLC"
"3IN LN Equity","3IN.L",NA,"3i Infrastructure PLC"
"888 LN Equity","888.L",NA,"888 Holdings PLC"
"DC/ LN Equity","DC.L",NA,"Dixons Carphone PLC"
"APAX LN Equity","APAX.L",NA,"Apax Global Alpha Ltd"
"CCR LN Equity","CCR.L",NA,"C&C Group PLC"
"FSV LN Equity","FSV.L",NA,"Fidelity Special Values PLC"
"GNS LN Equity","GNS.L",NA,"Genus PLC"
"GOG LN Equity","GOG.L",NA,"Go-Ahead Group PLC/The"
"ASCL LN Equity","ASCL.L",NA,"Ascential PLC"
"OXB LN Equity","OXB.L",NA,"Oxford Biomedica PLC"
"ASL LN Equity","ASL.L",NA,"Aberforth Smaller Companies Trust PLC"
"POLY LN Equity","POLY.L",NA,"Polymetal International PLC"
"GPOR LN Equity","GPOR.L",NA,"Great Portland Estates PLC"
"PPH LN Equity","PPH.L",NA,"PPHE Hotel Group Ltd"
"CHG LN Equity","CHG.L",NA,"Chemring Group PLC"
"GRG LN Equity","GRG.L",NA,"Greggs PLC"
"GRI LN Equity","GRI.L",NA,"Grainger PLC"
"PRU LN Equity","PRU.L","Financial","Prudential PLC"
"SOI LN Equity","SOI.L",NA,"Schroder Oriental Income Fund Ltd"
"GSK LN Equity","GSK.L","Consumer, Non-cyclical","GlaxoSmithKline PLC"
"ATST LN Equity","ATST.L",NA,"Alliance Trust PLC"
"ATT LN Equity","ATT.L",NA,"Allianz Technology Trust PLC"
"PSN LN Equity","PSN.L","Consumer, Cyclical","Persimmon PLC"
"AUTO LN Equity","AUTO.L","Communications","Auto Trader Group PLC"
"AV/ LN Equity","AV.L","Financial","Aviva PLC"
"PFC LN Equity","PFC.L",NA,"Petrofac Ltd"
"GAW LN Equity","GAW.L",NA,"Games Workshop Group PLC"
"GCP LN Equity","GCP.L",NA,"GCP Infrastructure Investments Ltd"
"AVST LN Equity","AVST.L",NA,"Avast PLC"
"AVV LN Equity","AVV.L",NA,"AVEVA Group PLC"
"VOF LN Equity","VOF.L",NA,"VinaCapital Vietnam Opportunity Fund Ltd"
"GFS LN Equity","GFS.L",NA,"G4S PLC"
"NXT LN Equity","NXT.L","Consumer, Cyclical","Next PLC"
"PHNX LN Equity","PHNX.L",NA,"Phoenix Group Holdings PLC"
"QLT LN Equity","QLT.L",NA,"Quilter PLC"
"RR/ LN Equity","RR.L","Industrial","Rolls-Royce Holdings PLC"
"CNA LN Equity","CNA.L","Utilities","Centrica PLC"
"BA/ LN Equity","BA.L","Industrial","BAE Systems PLC"
"BAB LN Equity","BAB.L",NA,"Babcock International Group PLC"
"HICL LN Equity","HICL.L",NA,"Hicl Infrastructure PLC"
"BAG LN Equity","BAG.L",NA,"AG Barr PLC"
"PLP LN Equity","PLP.L",NA,"Polypipe Group plc"
"PLUS LN Equity","PLUS.L",NA,"Plus500 Ltd"
"ESNT LN Equity","ESNT.L",NA,"Essentra PLC"
"BATS LN Equity","BATS.L","Consumer, Non-cyclical","British American Tobacco PLC"
"NG/ LN Equity","NG.L","Utilities","National Grid PLC"
"RDSB LN Equity","RDSB.L","Energy","Royal Dutch Shell PLC"
"WEIR LN Equity","WEIR.L",NA,"Weir Group PLC/The"
"RDW LN Equity","RDW.L",NA,"Redrow PLC"
"BBH LN Equity","BBH.L",NA,"BB Healthcare Trust Plc"
"BBOX LN Equity","BBOX.L",NA,"Tritax Big Box REIT PLC"
"III LN Equity","III.L","Financial","3i Group PLC"
"REL LN Equity","REL.L","Consumer, Non-cyclical","RELX PLC"
"CPI LN Equity","CPI.L",NA,"Capita PLC"
"WIZZ LN Equity","WIZZ.L",NA,"Wizz Air Holdings Plc"
"BRW LN Equity","BRW.L",NA,"Brewin Dolphin Holdings PLC"
"BCPT LN Equity","BCPT.L",NA,"BMO Commercial Property Trust Ltd"
"CRH LN Equity","CRH.L","Industrial","CRH PLC"
"HSBA LN Equity","HSBA.L","Financial","HSBC Holdings PLC"
"WMH LN Equity","WMH.L",NA,"William Hill PLC"
"HSL LN Equity","HSL.L",NA,"Henderson Smaller Companies Investment T"
"BEZ LN Equity","BEZ.L",NA,"Beazley PLC"
"HSTG LN Equity","HSTG.L",NA,"Hastings Group Holdings PLC"
"CSP LN Equity","CSP.L",NA,"Countryside Properties PLC"
"BGFD LN Equity","BGFD.L",NA,"Baillie Gifford Japan Trust PLC/The"
"BGSC LN Equity","BGSC.L",NA,"BMO Global Smaller Companies PLC/Fund"
"CTEC LN Equity","CTEC.L",NA,"ConvaTec Group PLC"
"RNK LN Equity","RNK.L",NA,"Rank Group PLC"
"BIFF LN Equity","BIFF.L",NA,"Biffa PLC"
"WTB LN Equity","WTB.L","Consumer, Cyclical","Whitbread PLC"
"HWDN LN Equity","HWDN.L",NA,"Howden Joinery Group PLC"
"MYI LN Equity","MYI.L",NA,"Murray International Trust PLC"
"PZC LN Equity","PZC.L",NA,"PZ Cussons PLC"
"ROR LN Equity","ROR.L",NA,"Rotork PLC"
"LSE LN Equity","LSE.L","Financial","London Stock Exchange Group PLC"
"SSPG LN Equity","SSPG.L",NA,"SSP Group Plc"
"RSA LN Equity","RSA.L","Financial","RSA Insurance Group PLC"
"PIN LN Equity","PIN.L",NA,"Pantheon International PLC/The Fund"
"AGR LN Equity","AGR.L",NA,"Assura PLC"
"BLND LN Equity","BLND.L","Financial","British Land Co PLC/The"
"BME LN Equity","BME.L",NA,"B&M European Value Retail SA"
"NWG LN Equity","NWG.L","Financial","Royal Bank of Scotland Group PLC"
"BARC LN Equity","BARC.L","Financial","Barclays PLC"
"LXI LN Equity","LXI.L",NA,"LXI REIT plc"
"IEM LN Equity","IEM.L",NA,"Impax Environmental Markets PLC"
"SAFE LN Equity","SAFE.L",NA,"Safestore Holdings PLC"
"SAIN LN Equity","SAIN.L",NA,"Scottish American Investment Co PLC/The"
"OSB LN Equity","OSB.L",NA,"OneSavings Bank PLC"
"IGG LN Equity","IGG.L",NA,"IG Group Holdings PLC"
"JD/ LN Equity","JD.L",NA,"JD Sports Fashion PLC"
"BP/ LN Equity","BP.L","Energy","BP PLC"
"JEO LN Equity","JEO.L",NA,"European Opportunities Trust PLC"
"FRAS LN Equity","FRAS.L",NA,"Frasers Group PLC"
"IMB LN Equity","IMB.L","Consumer, Non-cyclical","Imperial Brands PLC"
"BRSC LN Equity","BRSC.L",NA,"BlackRock Smaller Cos Trust PLC"
"MRO LN Equity","MRO.L","Financial","Melrose Industries PLC"
"TRY LN Equity","TRY.L",NA,"TR Property Investment Trust PLC - Ordin"
"SBRY LN Equity","SBRY.L","Consumer, Non-cyclical","J Sainsbury PLC"
"BT/A LN Equity","BT-A.L","Communications","BT Group PLC"
"BVIC LN Equity","BVIC.L",NA,"Britvic PLC"
"SCIN LN Equity","SCIN.L",NA,"Scottish Investment Trust PLC"
"INPP LN Equity","INPP.L",NA,"International Public Partnerships Ltd"
"SCT LN Equity","SCT.L",NA,"Softcat PLC"
"JUP LN Equity","JUP.L",NA,"Jupiter Fund Management PLC"
"TUI LN Equity","TUI.L","Consumer, Cyclical","TUI AG"
"BYG LN Equity","BYG.L",NA,"Big Yellow Group PLC"
"INVP LN Equity","INVP.L",NA,"Investec PLC"
"MGAM LN Equity","MGAM.L",NA,"Morgan Advanced Materials PLC"
"SEQI LN Equity","SEQI.L",NA,"Sequoia Economic Infrastructure Income F"
"IPO LN Equity","IPO.L",NA,"IP Group PLC"
"SGE LN Equity","SGE.L","Technology","Sage Group PLC/The"
"SPX LN Equity","SPX.L","Industrial","Spirax-Sarco Engineering PLC"
"BKG LN Equity","BKG.L","Consumer, Cyclical","Berkeley Group Holdings PLC"
"GFTU LN Equity","GFTU.L",NA,"Grafton Group PLC"
"SHB LN Equity","SHB.L",NA,"Shaftesbury PLC"
"UDG LN Equity","UDG.L",NA,"UDG Healthcare PLC"
"QQ/ LN Equity","QQ.L",NA,"QinetiQ Group PLC"
"VSVS LN Equity","VSVS.L",NA,"Vesuvius PLC"
"UKCM LN Equity","UKCM.L",NA,"UK Commercial Property REIT Ltd"
"MNDI LN Equity","MNDI.L","Basic Materials","Mondi PLC"
"CCC LN Equity","CCC.L",NA,"Computacenter PLC"
"PLI LN Equity","PLI.L",NA,"Perpetual Income and Growth Investment T"
"ULVR LN Equity","ULVR.L","Consumer, Non-cyclical","Unilever PLC"
"CCL LN Equity","CCL.L","Consumer, Cyclical","Carnival PLC"
"IWG LN Equity","IWG.L",NA,"IWG PLC"
"MONY LN Equity","MONY.L",NA,"Moneysupermarket.com Group PLC"
"GNC LN Equity","GNC.L",NA,"Greencore Group PLC"
"SKG LN Equity","SKG.L","Basic Materials","Smurfit Kappa Group PLC"
"PNL LN Equity","PNL.L",NA,"Personal Assets Trust PLC/Fund"
"BNZL LN Equity","BNZL.L","Consumer, Cyclical","Bunzl PLC"
"ASHM LN Equity","ASHM.L",NA,"Ashmore Group PLC"
"LAND LN Equity","LAND.L","Financial","Land Securities Group PLC"
"JET LN Equity","JET.L",NA,"Just Eat Takeaway.com NV"
"JFJ LN Equity","JFJ.L",NA,"JPMorgan Japanese Investment Trust PLC/F"
"SN/ LN Equity","SN.L","Consumer, Non-cyclical","Smith & Nephew PLC"
"EDIN LN Equity","EDIN.L",NA,"Edinburgh Investment Trust PLC/The"
"JLG LN Equity","JLG.L",NA,"John Laing Group PLC"
"JMAT LN Equity","JMAT.L","Basic Materials","Johnson Matthey PLC"
"JMG LN Equity","JMG.L",NA,"JPMorgan Emerging Markets Investment Tru"
"LGEN LN Equity","LGEN.L","Financial","Legal & General Group PLC"
"CRST LN Equity","CRST.L",NA,"Crest Nicholson Holdings plc"
"MSLH LN Equity","MSLH.L",NA,"Marshalls PLC"
"CINE LN Equity","CINE.L",NA,"Cineworld Group PLC"
"CSH LN Equity","CSH.L",NA,"Civitas Social Housing PLC"
"CKN LN Equity","CKN.L",NA,"Clarkson PLC"
"EMG LN Equity","EMG.L",NA,"Man Group PLC/Jersey"
"HAS LN Equity","HAS.L",NA,"Hays PLC"
"PTEC LN Equity","PTEC.L",NA,"Playtech Plc"
"AVON LN Equity","AVON.L",NA,"Avon Rubber PLC"
"CLSN LN Equity","CLSN.L",NA,"Calisen PLC"
"SRP LN Equity","SRP.L",NA,"Serco Group PLC"
"HIK LN Equity","HIK.L","Consumer, Non-cyclical","Hikma Pharmaceuticals PLC"
"CAPC LN Equity","CAPC.L",NA,"Capital & Counties Properties PLC"
"N91 LN Equity","N91.L",NA,"Ninety One PLC"
"KGF LN Equity","KGF.L","Consumer, Cyclical","Kingfisher PLC"
"ENOG LN Equity","ENOG.L",NA,"Energean PLC"
"CWK LN Equity","CWK.L",NA,"Cranswick PLC"
"TEP LN Equity","TEP.L",NA,"Telecom Plus PLC"
"VTY LN Equity","VTY.L",NA,"Vistry Group PLC"
"CNE LN Equity","CNE.L",NA,"Cairn Energy PLC"
"STJ LN Equity","STJ.L","Financial","St James's Place PLC"
"COA LN Equity","COA.L",NA,"Coats Group PLC"
"ICGT LN Equity","ICGT.L",NA,"ICG Enterprise Trust PLC"
"KNOS LN Equity","KNOS.L",NA,"Kainos Group PLC"
"SYNT LN Equity","SYNT.L",NA,"Synthomer PLC"
"NETW LN Equity","NETW.L",NA,"Network International Holdings PLC"
"HLMA LN Equity","HLMA.L","Industrial","Halma PLC"
"SVS LN Equity","SVS.L",NA,"Savills PLC"
"SVT LN Equity","SVT.L","Utilities","Severn Trent PLC"
"AJB LN Equity","AJB.L",NA,"AJ Bell PLC"
"HMSO LN Equity","HMSO.L",NA,"Hammerson PLC"
"TPK LN Equity","TPK.L",NA,"Travis Perkins PLC"
"DGE LN Equity","DGE.L","Consumer, Non-cyclical","Diageo PLC"
"CPG LN Equity","CPG.L","Consumer, Cyclical","Compass Group PLC"
"EWI LN Equity","EWI.L",NA,"Edinburgh Worldwide Investment Trust PLC"
"SXS LN Equity","SXS.L",NA,"Spectris PLC"
"DIGS LN Equity","DIGS.L",NA,"GCP Student Living PLC"
"MGGT LN Equity","MGGT.L",NA,"Meggitt PLC"
"HRI LN Equity","HRI.L",NA,"Herald Investment Trust PLC"
"TSCO LN Equity","TSCO.L","Consumer, Non-cyclical","Tesco PLC"
"MCRO LN Equity","MCRO.L",NA,"Micro Focus International PLC"
"TALK LN Equity","TALK.L",NA,"TalkTalk Telecom Group PLC"
"TATE LN Equity","TATE.L",NA,"Tate & Lyle PLC"
"GSS LN Equity","GSS.L",NA,"Genesis Emerging Markets Fund Ltd"
"LIO LN Equity","LIO.L",NA,"Liontrust Asset Management PLC"
"LLOY LN Equity","LLOY.L","Financial","Lloyds Banking Group PLC"
"HSX LN Equity","HSX.L","Financial","Hiscox Ltd"
"FCSS LN Equity","FCSS.L",NA,"Fidelity China Special Situations PLC"
"HTWS LN Equity","HTWS.L",NA,"Helios Towers PLC"
"WTAN LN Equity","WTAN.L",NA,"Witan Investment Trust PLC"
"ICP LN Equity","ICP.L",NA,"Intermediate Capital Group PLC"
"ERM LN Equity","ERM.L",NA,"Euromoney Institutional Investor PLC"
"DCC LN Equity","DCC.L","Energy","DCC PLC"
"CTY LN Equity","CTY.L",NA,"City of London Investment Trust PLC/The"
"LRE LN Equity","LRE.L",NA,"Lancashire Holdings Ltd"
"IAG LN Equity","IAG.L","Consumer, Cyclical","International Consolidated Airlines Grou"
"AZN LN Equity","AZN.L","Consumer, Non-cyclical","AstraZeneca PLC"
"STAN LN Equity","STAN.L","Financial","Standard Chartered PLC"
"DRX LN Equity","DRX.L",NA,"Drax Group PLC"
"IBST LN Equity","IBST.L",NA,"Ibstock PLC"
"RSW LN Equity","RSW.L",NA,"Renishaw PLC"
"RTO LN Equity","RTO.L","Consumer, Non-cyclical","Rentokil Initial PLC"
"CCH LN Equity","CCH.L","Consumer, Non-cyclical","Coca-Cola HBC AG"
"SMWH LN Equity","SMWH.L",NA,"WH Smith PLC"
"PAY LN Equity","PAY.L",NA,"PayPoint PLC"
"VCT LN Equity","VCT.L",NA,"Victrex PLC"
"HILS LN Equity","HILS.L",NA,"Hill & Smith Holdings PLC"
"SLA LN Equity","SLA.L","Financial","Standard Life Aberdeen PLC"
"MAB LN Equity","MAB.L",NA,"Mitchells & Butlers PLC"
"RDSA LN Equity","RDSA.L","Energy","Royal Dutch Shell PLC"
"MRC LN Equity","MRC.L",NA,"Mercantile Investment Trust PLC"
"CEY LN Equity","CEY.L",NA,"Centamin PLC"
"JDW LN Equity","JDW.L",NA,"J D Wetherspoon PLC"
"TRIG LN Equity","TRIG.L",NA,"Renewables Infrastructure Group Ltd/The"
"TRN LN Equity","TRN.L",NA,"Trainline PLC"
"BRBY LN Equity","BRBY.L","Consumer, Cyclical","Burberry Group PLC"
"DOM LN Equity","DOM.L",NA,"Domino's Pizza Group PLC"
"VOD LN Equity","VOD.L","Communications","Vodafone Group PLC"
"LWDB LN Equity","LWDB.L",NA,"Law Debenture Corp PLC/fund"
"VEIL LN Equity","VEIL.L",NA,"Vietnam Enterprise Investments Ltd"
"PRTC LN Equity","PRTC.L",NA,"PureTech Health Plc"
"DLG LN Equity","DLG.L","Financial","Direct Line Insurance Group PLC"
"DLN LN Equity","DLN.L",NA,"Derwent London PLC"
"RIO LN Equity","RIO.L","Basic Materials","Rio Tinto PLC"
"GVC LN Equity","GVC.L","Consumer, Cyclical","GVC Holdings PLC"
"SDR LN Equity","SDR.L","Financial","Schroders PLC"
"DNLM LN Equity","DNLM.L",NA,"Dunelm Group PLC"
"TW/ LN Equity","TW.L","Consumer, Cyclical","Taylor Wimpey PLC"
"CLI LN Equity","CLI.L",NA,"CLS Holdings PLC"
"RB/ LN Equity","RB.L","Consumer, Non-cyclical","Reckitt Benckiser Group PLC"
"MNKS LN Equity","MNKS.L",NA,"Monks Investment Trust PLC/The"
"MRW LN Equity","MRW.L","Consumer, Non-cyclical","Wm Morrison Supermarkets PLC"
"NESF LN Equity","NESF.L",NA,"NextEnergy Solar Fund Ltd"
"DPLM LN Equity","DPLM.L",NA,"Diploma PLC"
"SGRO LN Equity","SGRO.L","Financial","Segro PLC"
"AAL LN Equity","AAL.L","Basic Materials","Anglo American PLC"
"MKS LN Equity","MKS.L","Consumer, Cyclical","Marks & Spencer Group PLC"
"TEM LN Equity","TEM.L",NA,"Templeton Emerging Markets Investment Tr"
"PNN LN Equity","PNN.L",NA,"Pennon Group PLC"
"CBG LN Equity","CBG.L",NA,"Close Brothers Group PLC"
"SIG LN Equity","SIG.L",NA,"Signature Aviation PLC"
"MNG LN Equity","MNG.L",NA,"M&G PLC"
"SMT LN Equity","SMT.L","Financial","Scottish Mortgage Investment Trust PLC"
"UTG LN Equity","UTG.L",NA,"UNITE Group PLC/The"
"RMV LN Equity","RMV.L","Communications","Rightmove PLC"
"SYNC LN Equity","SYNC.L",NA,"Syncona Limited"
"TIFS LN Equity","TIFS.L",NA,"TI Fluid Systems PLC"
"NEX LN Equity","NEX.L",NA,"National Express Group PLC"
"RHIM LN Equity","RHIM.L",NA,"Rhi Magnesita NV"
"RCP LN Equity","RCP.L",NA,"RIT Capital Partners PLC/Fund"
"TMPL LN Equity","TMPL.L",NA,"Temple Bar Investment Trust PLC"
"MDC LN Equity","MDC.L",NA,"Mediclinic International PLC"
"IHG LN Equity","IHG.L","Consumer, Cyclical","InterContinental Hotels Group PLC"
"ECM LN Equity","ECM.L",NA,"Electrocomponents PLC"
"UU/ LN Equity","UU.L","Utilities","United Utilities Group PLC"
"RMG LN Equity","RMG.L",NA,"Royal Mail PLC"
"SRE LN Equity","SRE.L",NA,"Sirius Real Estate Ltd"
"GLO LN Equity","GLO.L",NA,"ContourGlobal PLC"
"ULE LN Equity","ULE.L",NA,"Ultra Electronics Holdings PLC"
"SNN LN Equity","SNN.L",NA,"Sanne Group PLC"
"SSE LN Equity","SSE.L","Utilities","SSE PLC"
"SBRE LN Equity","SBRE.L",NA,"Sabre Insurance Group PLC"
"JAM LN Equity","JAM.L",NA,"JPMorgan American Investment Trust PLC/F"
"PCT LN Equity","PCT.L",NA,"Polar Capital Technology Trust PLC"
"SSON LN Equity","SSON.L",NA,"Smithson Investment Trust PLC"
"PSH LN Equity","PSH.L",NA,"Pershing Square Holdings Ltd/Fund"
"GYS LN Equity","GYS.L",NA,"Gamesys Group PLC"
"CLDN LN Equity","CLDN.L",NA,"Caledonia Investments PLC"
"HGT LN Equity","HGT.L",NA,"HgCapital Trust PLC/Fund"
"GLEN LN Equity","GLEN.L","Basic Materials","Glencore PLC"
"SMIN LN Equity","SMIN.L","Industrial","Smiths Group PLC"
"PAGE LN Equity","PAGE.L",NA,"Pagegroup PLC"
"IMI LN Equity","IMI.L",NA,"IMI PLC"
"JLEN LN Equity","JLEN.L",NA,"JLEN Environmental Assets Group Ltd"
"SMP LN Equity","SMP.L",NA,"St Modwen Properties PLC"
"INF LN Equity","INF.L","Communications","Informa PLC"
"HL/ LN Equity","HL.L","Financial","Hargreaves Lansdown PLC"
"POG LN Equity","POG.L",NA,"Petropavlovsk PLC"
"VMUK LN Equity","VMUK.L",NA,"Virgin Money UK PLC"
"SMDS LN Equity","SMDS.L","Industrial","DS Smith PLC"
"EQN LN Equity","EQN.L",NA,"Equiniti Group PLC"
"KAZ LN Equity","KAZ.L",NA,"KAZ Minerals PLC"
"PETS LN Equity","PETS.L",NA,"Pets at Home Group Plc"
"LMP LN Equity","LMP.L",NA,"LondonMetric Property PLC"
"PFG LN Equity","PFG.L",NA,"Provident Financial PLC"
"IHP LN Equity","IHP.L",NA,"IntegraFin Holdings PLC"
"UKW LN Equity","UKW.L",NA,"Greencoat UK Wind PLC/Funds"
"PSSL LN Equity","PSSL.L",NA,"Pollen Street Secured Lending PLC"
"SONG LN Equity","SONG.L",NA,"Hipgnosis Songs Fund Ltd/The Fund"
"RAT LN Equity","RAT.L",NA,"Rathbone Brothers PLC"
"HSV LN Equity","HSV.L",NA,"HomeServe PLC"
"OCDO LN Equity","OCDO.L","Consumer, Non-cyclical","Ocado Group PLC"
"VVO LN Equity","VVO.L",NA,"Vivo Energy PLC"
"TBCG LN Equity","TBCG.L",NA,"TBC Bank Group PLC"
"SPT LN Equity","SPT.L",NA,"Spirent Communications PLC"
"PSON LN Equity","PSON.L","Communications","Pearson PLC"
"XPP LN Equity","XPP.L",NA,"XP Power Ltd"
"JUST LN Equity","JUST.L",NA,"Just Group PLC"
"ITRK LN Equity","ITRK.L","Consumer, Non-cyclical","Intertek Group PLC"
"HFG LN Equity","HFG.L",NA,"Hilton Food Group PLC"
"TCAP LN Equity","TCAP.L",NA,"TP ICAP PLC"
"PRX NA Equity","PRX.AS",NA,"Prosus NV"
"ADYEN NA Equity","ADYEN.AS",NA,"Adyen NV"
"NN NA Equity","NN.AS","Financial","NN Group NV"
"INGA NA Equity","INGA.AS","Financial","ING Groep NV"
"GLPG NA Equity","GLPG.AS","Consumer, Non-cyclical","Galapagos NV"
"KPN NA Equity","KPN.AS","Communications","Koninklijke KPN NV"
"AKZA NA Equity","AKZA.AS","Basic Materials","Akzo Nobel NV"
"TKWY NA Equity","TKWY.AS",NA,"Just Eat Takeaway.com NV"
"HEIA NA Equity","HEIA.AS","Consumer, Non-cyclical","Heineken NV"
"WKL NA Equity","WKL.AS","Communications","Wolters Kluwer NV"
"IMCD NA Equity","IMCD.AS",NA,"IMCD NV"
"RDSA NA Equity","RDSA.AS","Energy","Royal Dutch Shell PLC"
"PHIA NA Equity","PHIA.AS","Consumer, Non-cyclical","Koninklijke Philips NV"
"UNA NA Equity","UNA.AS","Consumer, Non-cyclical","Unilever NV"
"ABN NA Equity","ABN.AS",NA,"ABN AMRO Bank NV"
"ASRNL NA Equity","ASRNL.AS","Financial","ASR Nederland NV"
"ASM NA Equity","ASM.AS",NA,"ASM International NV"
"REN NA Equity","REN.AS","Consumer, Non-cyclical","RELX PLC"
"MT NA Equity","MT.AS",NA,"ArcelorMittal SA"
"ASML NA Equity","ASML.AS","Technology","ASML Holding NV"
"URW NA Equity","URW.AS","Financial","Unibail-Rodamco-Westfield"
"AGN NA Equity","AGN.AS","Financial","Aegon NV"
"AD NA Equity","AD.AS","Consumer, Non-cyclical","Koninklijke Ahold Delhaize NV"
"DSM NA Equity","DSM.AS","Basic Materials","Koninklijke DSM NV"
"RAND NA Equity","RAND.AS","Consumer, Non-cyclical","Randstad NV"
"SUBC NO Equity","SUBC.OL","Energy","Subsea 7 SA"
"NHY NO Equity","NHY.OL","Basic Materials","Norsk Hydro ASA"
"FRO NO Equity","FRO.OL",NA,"Frontline Ltd/Bermuda"
"MOWI NO Equity","MOWI.OL","Consumer, Non-cyclical","Mowi ASA"
"TOM NO Equity","TOM.OL",NA,"TOMRA Systems ASA"
"AKERBP NO Equity","AKERBP.OL","Energy","Aker BP ASA"
"SALM NO Equity","SALM.OL","Consumer, Non-cyclical","Salmar ASA"
"SSO NO Equity","SSO.OL",NA,"Scatec Solar ASA"
"SCHA NO Equity","SCHA.OL","Communications","Schibsted ASA"
"LSG NO Equity","LSG.OL","Consumer, Non-cyclical","Leroy Seafood Group ASA"
"AKER NO Equity","AKER.OL","Financial","Aker ASA"
"NEL NO Equity","NEL.OL","Energy","NEL ASA"
"TEL NO Equity","TEL.OL","Communications","Telenor ASA"
"EQNR NO Equity","EQNR.OL","Energy","Equinor ASA"
"ENTRA NO Equity","ENTRA.OL",NA,"Entra ASA"
"YAR NO Equity","YAR.OL","Basic Materials","Yara International ASA"
"GJF NO Equity","GJF.OL","Financial","Gjensidige Forsikring ASA"
"TGS NO Equity","TGS.OL","Energy","TGS NOPEC Geophysical Co ASA"
"DNO NO Equity","DNO.OL","Energy","DNO ASA"
"ORK NO Equity","ORK.OL","Consumer, Non-cyclical","Orkla ASA"
"BAKKA NO Equity","BAKKA.OL","Consumer, Non-cyclical","Bakkafrost P/F"
"DNB NO Equity","DNB.OL","Financial","DNB ASA"
"BWLPG NO Equity","BWLPG.OL",NA,"BW LPG Ltd"
"STB NO Equity","STB.OL","Financial","Storebrand ASA"
"BWO NO Equity","BWO.OL","Industrial","BW Offshore Ltd"
"CTT PL Equity","CTT.LS","Consumer, Non-cyclical","CTT-Correios de Portugal SA"
"EDPR PL Equity","EDPR.LS","Utilities","EDP Renovaveis SA"
"JMT PL Equity","JMT.LS","Consumer, Non-cyclical","Jeronimo Martins SGPS SA"
"ALTR PL Equity","ALTR.LS","Basic Materials","Altri SGPS SA"
"NOS PL Equity","NOS.LS","Communications","NOS SGPS SA"
"SEM PL Equity","SEM.LS","Basic Materials","Semapa-Sociedade de Investimento e Gesta"
"RENE PL Equity","RENE.LS","Utilities","REN - Redes Energeticas Nacionais SGPS S"
"NVG PL Equity","NVG.LS","Basic Materials","Navigator Co SA/The"
"COR PL Equity","COR.LS","Basic Materials","Corticeira Amorim SGPS SA"
"NBA PL Equity","NBA.LS",NA,"Novabase SGPS SA"
"BCP PL Equity","BCP.LS","Financial","Banco Comercial Portugues SA"
"PHR PL Equity","PHR.LS","Communications","Pharol SGPS SA"
"SON PL Equity","SON.LS","Consumer, Non-cyclical","Sonae SGPS SA"
"SONC PL Equity","SONC.LS","Diversified","Sonae Capital SGPS SA"
"EDP PL Equity","EDP.LS","Utilities","EDP - Energias de Portugal SA"
"GALP PL Equity","GALP.LS","Energy","Galp Energia SGPS SA"
"IBS PL Equity","IBS.LS","Consumer, Cyclical","Ibersol SGPS SA"
"EGL PL Equity","EGL.LS","Industrial","Mota-Engil SGPS SA"
"SGRE SM Equity","SGRE.MC","Energy","Siemens Gamesa Renewable Energy SA"
"ANA SM Equity","ANA.MC","Industrial","Acciona SA"
"SAN SM Equity","SAN.MC","Financial","Banco Santander SA"
"COL SM Equity","COL.MC","Financial","Inmobiliaria Colonial Socimi SA"
"ENG SM Equity","ENG.MC","Utilities","Enagas SA"
"IAG SM Equity","IAG.MC","Consumer, Cyclical","International Consolidated Airlines Grou"
"CIE SM Equity","CIE.MC","Consumer, Cyclical","CIE Automotive SA"
"AENA SM Equity","AENA.MC","Industrial","Aena SME SA"
"MAP SM Equity","MAP.MC","Financial","Mapfre SA"
"TEF SM Equity","TEF.MC","Communications","Telefonica SA"
"MEL SM Equity","MEL.MC","Consumer, Cyclical","Melia Hotels International SA"
"CABK SM Equity","CABK.MC","Financial","CaixaBank SA"
"REP SM Equity","REP.MC","Energy","Repsol SA"
"SAB SM Equity","SAB.MC","Financial","Banco de Sabadell SA"
"IBE SM Equity","IBE.MC","Utilities","Iberdrola SA"
"FER SM Equity","FER.MC","Industrial","Ferrovial SA"
"ALM SM Equity","ALM.MC",NA,"Almirall SA"
"ELE SM Equity","ELE.MC","Utilities","Endesa SA"
"IDR SM Equity","IDR.MC","Technology","Indra Sistemas SA"
"VIS SM Equity","VIS.MC","Consumer, Non-cyclical","Viscofan SA"
"ACX SM Equity","ACX.MC","Basic Materials","Acerinox SA"
"NTGY SM Equity","NTGY.MC","Utilities","Naturgy Energy Group SA"
"BKIA SM Equity","BKIA.MC","Financial","Bankia SA"
"ENC SM Equity","ENC.MC","Basic Materials","Ence Energia y Celulosa SA"
"GRF SM Equity","GRF.MC","Consumer, Non-cyclical","Grifols SA"
"ACS SM Equity","ACS.MC","Industrial","ACS Actividades de Construccion y Servic"
"BKT SM Equity","BKT.MC","Financial","Bankinter SA"
"MAS SM Equity","MAS.MC",NA,"Masmovil Ibercom SA"
"AMS SM Equity","AMS.MC","Technology","Amadeus IT Group SA"
"BBVA SM Equity","BBVA.MC","Financial","Banco Bilbao Vizcaya Argentaria SA"
"MRL SM Equity","MRL.MC","Financial","Merlin Properties Socimi SA"
"REE SM Equity","REE.MC","Utilities","Red Electrica Corp SA"
"CLNX SM Equity","CLNX.MC","Communications","Cellnex Telecom SA"
"ITX SM Equity","ITX.MC","Consumer, Cyclical","Industria de Diseno Textil SA"
"MTS SM Equity","MTS.MC",NA,"ArcelorMittal SA"
"AMS SQ Equity","AMS.MC","Technology","Amadeus IT Group SA"
"SAN SQ Equity","SAN.MC","Financial","Banco Santander SA"
"ITX SQ Equity","ITX.MC","Consumer, Cyclical","Industria de Diseno Textil SA"
"TEF SQ Equity","TEF.MC","Communications","Telefonica SA"
"IBE SQ Equity","IBE.MC","Utilities","Iberdrola SA"
"TELIA SS Equity","TELIA.ST","Communications","Telia Co AB"
"SKAB SS Equity","SKA-B.ST","Industrial","Skanska AB"
"TEL2B SS Equity","TEL2-B.ST","Communications","Tele2 AB"
"SWEDA SS Equity","SWED-A.ST","Financial","Swedbank AB"
"ERICB SS Equity","ERIC-B.ST","Communications","Telefonaktiebolaget LM Ericsson"
"ATCOB SS Equity","ATCO-B.ST","Industrial","Atlas Copco AB"
"ESSITYB SS Equity","ESSITY-B.ST","Consumer, Non-cyclical","Essity AB"
"ATCOA SS Equity","ATCO-A.ST","Industrial","Atlas Copco AB"
"SKFB SS Equity","SKF-B.ST","Industrial","SKF AB"
"SSABA SS Equity","SSAB-A.ST","Basic Materials","SSAB AB"
"GETIB SS Equity","GETI-B.ST","Consumer, Non-cyclical","Getinge AB"
"BOL SS Equity","BOL.ST","Basic Materials","Boliden AB"
"KINVB SS Equity","KINV-B.ST","Financial","Kinnevik AB"
"ALIV SS Equity","ALIV-SDB.ST","Consumer, Cyclical","Autoliv Inc"
"SWMA SS Equity","SWMA.ST","Consumer, Non-cyclical","Swedish Match AB"
"ABB SS Equity","ABB.ST","Industrial","ABB Ltd"
"SCAB SS Equity","SCA-B.ST","Basic Materials","Svenska Cellulosa AB SCA"
"ALFA SS Equity","ALFA.ST","Industrial","Alfa Laval AB"
"ELUXB SS Equity","ELUX-B.ST","Consumer, Cyclical","Electrolux AB"
"AZN SS Equity","AZN.ST","Consumer, Non-cyclical","AstraZeneca PLC"
"HEXAB SS Equity","HEXA-B.ST","Industrial","Hexagon AB"
"ASSAB SS Equity","ASSA-B.ST","Industrial","Assa Abloy AB"
"SEBA SS Equity","SEB-A.ST","Financial","Skandinaviska Enskilda Banken AB"
"SAND SS Equity","SAND.ST","Industrial","Sandvik AB"
"SECUB SS Equity","SECU-B.ST","Consumer, Non-cyclical","Securitas AB"
"VOLVB SS Equity","VOLV-B.ST","Consumer, Cyclical","Volvo AB"
"SHBA SS Equity","SHB-A.ST","Financial","Svenska Handelsbanken AB"
"HMB SS Equity","HM-B.ST","Consumer, Cyclical","Hennes & Mauritz AB"
"INVEB SS Equity","INVE-B.ST","Financial","Investor AB"
"NDA SS Equity","NDA-SE.ST","Financial","Nordea Bank Abp"
"CBOE UF Equity","CBOE",NA,"Cboe Global Markets Inc"
"JNPR UN Equity","JNPR",NA,"Juniper Networks Inc"
"BLK UN Equity","BLK","Financial","BlackRock Inc"
"ANET UN Equity","ANET",NA,"Arista Networks Inc"
"IFF UN Equity","IFF",NA,"International Flavors & Fragrances Inc"
"CB UN Equity","CB",NA,"Chubb Ltd"
"BA UN Equity","BA","Industrial","Boeing Co/The"
"KEYS UN Equity","KEYS",NA,"Keysight Technologies Inc"
"MDT UN Equity","MDT","Consumer, Non-cyclical","Medtronic PLC"
"CAT UN Equity","CAT","Industrial","Caterpillar Inc"
"KSU UN Equity","KSU",NA,"Kansas City Southern"
"ABC UN Equity","ABC",NA,"AmerisourceBergen Corp"
"AIZ UN Equity","AIZ",NA,"Assurant Inc"
"CNC UN Equity","CNC",NA,"Centene Corp"
"OTIS UN Equity","OTIS",NA,"Otis Worldwide Corp"
"CI UN Equity","CI",NA,"Cigna Corp"
"DRE UN Equity","DRE",NA,"Duke Realty Corp"
"EIX UN Equity","EIX",NA,"Edison International"
"AEE UN Equity","AEE",NA,"Ameren Corp"
"FTV UN Equity","FTV",NA,"Fortive Corp"
"BK UN Equity","BK","Financial","Bank of New York Mellon Corp/The"
"FIS UN Equity","FIS",NA,"Fidelity National Information Services I"
"AFL UN Equity","AFL",NA,"Aflac Inc"
"NSC UN Equity","NSC",NA,"Norfolk Southern Corp"
"CMA UN Equity","CMA",NA,"Comerica Inc"
"GS UN Equity","GS","Financial","Goldman Sachs Group Inc/The"
"LOW UN Equity","LOW","Consumer, Cyclical","Lowe's Cos Inc"
"D UN Equity","D",NA,"Dominion Energy Inc"
"AEP UN Equity","AEP",NA,"American Electric Power Co Inc"
"ETR UN Equity","ETR",NA,"Entergy Corp"
"MPC UN Equity","MPC",NA,"Marathon Petroleum Corp"
"DD UN Equity","DD",NA,"DuPont de Nemours Inc"
"CPB UN Equity","CPB",NA,"Campbell Soup Co"
"ABBV UN Equity","ABBV","Consumer, Non-cyclical","AbbVie Inc"
"PH UN Equity","PH",NA,"Parker-Hannifin Corp"
"L UN Equity","L",NA,"Loews Corp"
"IR UN Equity","IR",NA,"Ingersoll Rand Inc"
"CCL UN Equity","CCL",NA,"Carnival Corp"
"WU UN Equity","WU",NA,"Western Union Co/The"
"APD UN Equity","APD",NA,"Air Products and Chemicals Inc"
"CRM UN Equity","CRM",NA,"salesforce.com Inc"
"MSI UN Equity","MSI",NA,"Motorola Solutions Inc"
"INFO UN Equity","INFO",NA,"IHS Markit Ltd"
"PEG UN Equity","PEG",NA,"Public Service Enterprise Group Inc"
"HST UN Equity","HST",NA,"Host Hotels & Resorts Inc"
"FBHS UN Equity","FBHS",NA,"Fortune Brands Home & Security Inc"
"BXP UN Equity","BXP",NA,"Boston Properties Inc"
"EW UN Equity","EW",NA,"Edwards Lifesciences Corp"
"BIO UN Equity","BIO",NA,"Bio-Rad Laboratories Inc"
"CTVA UN Equity","CTVA",NA,"Corteva Inc"
"AMP UN Equity","AMP",NA,"Ameriprise Financial Inc"
"BMY UN Equity","BMY","Consumer, Non-cyclical","Bristol-Myers Squibb Co"
"EXR UN Equity","EXR",NA,"Extra Space Storage Inc"
"GE UN Equity","GE","Industrial","General Electric Co"
"MHK UN Equity","MHK",NA,"Mohawk Industries Inc"
"IRM UN Equity","IRM",NA,"Iron Mountain Inc"
"CVS UN Equity","CVS","Consumer, Non-cyclical","CVS Health Corp"
"DRI UN Equity","DRI",NA,"Darden Restaurants Inc"
"GIS UN Equity","GIS",NA,"General Mills Inc"
"IT UN Equity","IT",NA,"Gartner Inc"
"ANTM UN Equity","ANTM",NA,"Anthem Inc"
"AVY UN Equity","AVY",NA,"Avery Dennison Corp"
"HPQ UN Equity","HPQ",NA,"HP Inc"
"FLT UN Equity","FLT",NA,"FleetCor Technologies Inc"
"HUM UN Equity","HUM",NA,"Humana Inc"
"CAH UN Equity","CAH",NA,"Cardinal Health Inc"
"DVA UN Equity","DVA",NA,"DaVita Inc"
"PM UN Equity","PM","Consumer, Non-cyclical","Philip Morris International Inc"
"JCI UN Equity","JCI",NA,"Johnson Controls International plc"
"CE UN Equity","CE",NA,"Celanese Corp"
"BAX UN Equity","BAX",NA,"Baxter International Inc"
"AAP UN Equity","AAP",NA,"Advance Auto Parts Inc"
"NKE UN Equity","NKE","Consumer, Cyclical","NIKE Inc"
"ECL UN Equity","ECL",NA,"Ecolab Inc"
"HRB UN Equity","HRB",NA,"H&R Block Inc"
"COF UN Equity","COF","Financial","Capital One Financial Corp"
"SYK UN Equity","SYK",NA,"Stryker Corp"
"DUK UN Equity","DUK","Utilities","Duke Energy Corp"
"AOS UN Equity","AOS",NA,"A O Smith Corp"
"BSX UN Equity","BSX",NA,"Boston Scientific Corp"
"FRT UN Equity","FRT",NA,"Federal Realty Investment Trust"
"SO UN Equity","SO","Utilities","Southern Co/The"
"PRU UN Equity","PRU",NA,"Prudential Financial Inc"
"ATO UN Equity","ATO",NA,"Atmos Energy Corp"
"DLR UN Equity","DLR",NA,"Digital Realty Trust Inc"
"PEAK UN Equity","PEAK",NA,"Healthpeak Properties Inc"
"MTD UN Equity","MTD",NA,"Mettler-Toledo International Inc"
"BR UN Equity","BR",NA,"Broadridge Financial Solutions Inc"
"BBY UN Equity","BBY",NA,"Best Buy Co Inc"
"PPL UN Equity","PPL",NA,"PPL Corp"
"MRO UN Equity","MRO",NA,"Marathon Oil Corp"
"DOV UN Equity","DOV",NA,"Dover Corp"
"HBI UN Equity","HBI",NA,"Hanesbrands Inc"
"HCA UN Equity","HCA",NA,"HCA Healthcare Inc"
"HD UN Equity","HD","Consumer, Cyclical","Home Depot Inc/The"
"AWK UN Equity","AWK",NA,"American Water Works Co Inc"
"AXP UN Equity","AXP","Financial","American Express Co"
"CARR UN Equity","CARR",NA,"Carrier Global Corp"
"HES UN Equity","HES",NA,"Hess Corp"
"EOG UN Equity","EOG",NA,"EOG Resources Inc"
"HFC UN Equity","HFC",NA,"HollyFrontier Corp"
"IPG UN Equity","IPG",NA,"Interpublic Group of Cos Inc/The"
"LW UN Equity","LW",NA,"Lamb Weston Holdings Inc"
"NEM UN Equity","NEM",NA,"Newmont Corp"
"CCI UN Equity","CCI",NA,"Crown Castle International Corp"
"HII UN Equity","HII",NA,"Huntington Ingalls Industries Inc"
"KO UN Equity","KO","Consumer, Non-cyclical","Coca-Cola Co/The"
"STZ UN Equity","STZ",NA,"Constellation Brands Inc"
"DE UN Equity","DE",NA,"Deere & Co"
"WEC UN Equity","WEC",NA,"WEC Energy Group Inc"
"MAA UN Equity","MAA",NA,"Mid-America Apartment Communities Inc"
"DFS UN Equity","DFS",NA,"Discover Financial Services"
"NI UN Equity","NI",NA,"NiSource Inc"
"SWK UN Equity","SWK",NA,"Stanley Black & Decker Inc"
"COTY UN Equity","COTY",NA,"Coty Inc"
"DHR UN Equity","DHR","Consumer, Non-cyclical","Danaher Corp"
"LDOS UN Equity","LDOS",NA,"Leidos Holdings Inc"
"HPE UN Equity","HPE",NA,"Hewlett Packard Enterprise Co"
"ALL UN Equity","ALL","Financial","Allstate Corp/The"
"ALK UN Equity","ALK",NA,"Alaska Air Group Inc"
"ABT UN Equity","ABT","Consumer, Non-cyclical","Abbott Laboratories"
"WM UN Equity","WM",NA,"Waste Management Inc"
"NOW UN Equity","NOW",NA,"ServiceNow Inc"
"ACN UN Equity","ACN","Technology","Accenture PLC"
"EL UN Equity","EL",NA,"Estee Lauder Cos Inc/The"
"LIN UN Equity","LIN",NA,"Linde PLC"
"BF/B UN Equity","BF-B",NA,"Brown-Forman Corp"
"LLY UN Equity","LLY",NA,"Eli Lilly and Co"
"PFE UN Equity","PFE","Consumer, Non-cyclical","Pfizer Inc"
"IP UN Equity","IP",NA,"International Paper Co"
"FE UN Equity","FE",NA,"FirstEnergy Corp"
"LNC UN Equity","LNC",NA,"Lincoln National Corp"
"AME UN Equity","AME",NA,"AMETEK Inc"
"FDX UN Equity","FDX","Industrial","FedEx Corp"
"NVR UN Equity","NVR",NA,"NVR Inc"
"HWM UN Equity","HWM",NA,"Howmet Aerospace Inc"
"WY UN Equity","WY",NA,"Weyerhaeuser Co"
"ROP UN Equity","ROP",NA,"Roper Technologies Inc"
"AES UN Equity","AES",NA,"AES Corp/The"
"BKR UN Equity","BKR",NA,"Baker Hughes Co"
"IBM UN Equity","IBM","Technology","International Business Machines Corp"
"RSG UN Equity","RSG",NA,"Republic Services Inc"
"DAL UN Equity","DAL",NA,"Delta Air Lines Inc"
"YUM UN Equity","YUM",NA,"Yum! Brands Inc"
"HIG UN Equity","HIG",NA,"Hartford Financial Services Group Inc/Th"
"AIG UN Equity","AIG","Financial","American International Group Inc"
"FLS UN Equity","FLS",NA,"Flowserve Corp"
"ORCL UN Equity","ORCL","Technology","Oracle Corp"
"AIV UN Equity","AIV",NA,"Apartment Investment and Management Co"
"DXC UN Equity","DXC",NA,"DXC Technology Co"
"APH UN Equity","APH",NA,"Amphenol Corp"
"SLB UN Equity","SLB","Energy","Schlumberger Ltd"
"SLG UN Equity","SLG",NA,"SL Green Realty Corp"
"PNR UN Equity","PNR",NA,"Pentair PLC"
"DG UN Equity","DG",NA,"Dollar General Corp"
"LB UN Equity","LB",NA,"L Brands Inc"
"FRC UN Equity","FRC",NA,"First Republic Bank/CA"
"BRK/B UN Equity","BRK-B","Financial","Berkshire Hathaway Inc"
"GPS UN Equity","GPS",NA,"Gap Inc/The"
"V UN Equity","V","Financial","Visa Inc"
"MCK UN Equity","MCK",NA,"McKesson Corp"
"EFX UN Equity","EFX",NA,"Equifax Inc"
"ALLE UN Equity","ALLE",NA,"Allegion plc"
"VFC UN Equity","VFC",NA,"VF Corp"
"WMT UN Equity","WMT","Consumer, Cyclical","Walmart Inc"
"FTI UN Equity","FTI",NA,"TechnipFMC PLC"
"MTB UN Equity","MTB",NA,"M&T Bank Corp"
"TT UN Equity","TT",NA,"Trane Technologies PLC"
"WRK UN Equity","WRK",NA,"Westrock Co"
"ADM UN Equity","ADM",NA,"Archer-Daniels-Midland Co"
"CTL UN Equity","CTL",NA,"CenturyLink Inc"
"SEE UN Equity","SEE",NA,"Sealed Air Corp"
"VNO UN Equity","VNO",NA,"Vornado Realty Trust"
"GD UN Equity","GD","Industrial","General Dynamics Corp"
"IQV UN Equity","IQV",NA,"IQVIA Holdings Inc"
"PGR UN Equity","PGR",NA,"Progressive Corp/The"
"MKC UN Equity","MKC",NA,"McCormick & Co Inc/MD"
"AMT UN Equity","AMT",NA,"American Tower Corp"
"DPZ UN Equity","DPZ",NA,"Domino's Pizza Inc"
"UDR UN Equity","UDR",NA,"UDR Inc"
"MLM UN Equity","MLM",NA,"Martin Marietta Materials Inc"
"GL UN Equity","GL",NA,"Globe Life Inc"
"CBRE UN Equity","CBRE",NA,"CBRE Group Inc"
"OMC UN Equity","OMC",NA,"Omnicom Group Inc"
"TGT UN Equity","TGT","Consumer, Cyclical","Target Corp"
"AON UN Equity","AON",NA,"Aon PLC"
"IVZ UN Equity","IVZ",NA,"Invesco Ltd"
"GM UN Equity","GM","Consumer, Cyclical","General Motors Co"
"J UN Equity","J",NA,"Jacobs Engineering Group Inc"
"FMC UN Equity","FMC",NA,"FMC Corp"
"ESS UN Equity","ESS",NA,"Essex Property Trust Inc"
"COO UN Equity","COO",NA,"Cooper Cos Inc/The"
"COP UN Equity","COP","Energy","ConocoPhillips"
"ETN UN Equity","ETN",NA,"Eaton Corp PLC"
"PNW UN Equity","PNW",NA,"Pinnacle West Capital Corp"
"TPR UN Equity","TPR",NA,"Tapestry Inc"
"NOC UN Equity","NOC",NA,"Northrop Grumman Corp"
"PPG UN Equity","PPG",NA,"PPG Industries Inc"
"SYF UN Equity","SYF",NA,"Synchrony Financial"
"MAS UN Equity","MAS",NA,"Masco Corp"
"PRGO UN Equity","PRGO",NA,"Perrigo Co PLC"
"LEN UN Equity","LEN",NA,"Lennar Corp"
"MSCI UN Equity","MSCI",NA,"MSCI Inc"
"LH UN Equity","LH",NA,"Laboratory Corp of America Holdings"
"JNJ UN Equity","JNJ","Consumer, Non-cyclical","Johnson & Johnson"
"TAP UN Equity","TAP",NA,"Molson Coors Beverage Co"
"BEN UN Equity","BEN",NA,"Franklin Resources Inc"
"GWW UN Equity","GWW",NA,"WW Grainger Inc"
"CL UN Equity","CL","Consumer, Non-cyclical","Colgate-Palmolive Co"
"C UN Equity","C","Financial","Citigroup Inc"
"AMCR UN Equity","AMCR",NA,"Amcor PLC"
"EMR UN Equity","EMR","Industrial","Emerson Electric Co"
"LMT UN Equity","LMT","Industrial","Lockheed Martin Corp"
"SRE UN Equity","SRE",NA,"Sempra Energy"
"CLX UN Equity","CLX",NA,"Clorox Co/The"
"PWR UN Equity","PWR",NA,"Quanta Services Inc"
"KEY UN Equity","KEY",NA,"KeyCorp"
"ROL UN Equity","ROL",NA,"Rollins Inc"
"NCLH UN Equity","NCLH",NA,"Norwegian Cruise Line Holdings Ltd"
"CMI UN Equity","CMI",NA,"Cummins Inc"
"AZO UN Equity","AZO",NA,"AutoZone Inc"
"VTR UN Equity","VTR",NA,"Ventas Inc"
"STE UN Equity","STE",NA,"STERIS PLC"
"KMB UN Equity","KMB",NA,"Kimberly-Clark Corp"
"EQR UN Equity","EQR",NA,"Equity Residential"
"KMX UN Equity","KMX",NA,"CarMax Inc"
"STT UN Equity","STT",NA,"State Street Corp"
"ES UN Equity","ES",NA,"Eversource Energy"
"RCL UN Equity","RCL",NA,"Royal Caribbean Cruises Ltd"
"PNC UN Equity","PNC",NA,"PNC Financial Services Group Inc/The"
"MA UN Equity","MA","Financial","Mastercard Inc"
"IEX UN Equity","IEX",NA,"IDEX Corp"
"AJG UN Equity","AJG",NA,"Arthur J Gallagher & Co"
"UPS UN Equity","UPS","Industrial","United Parcel Service Inc"
"WELL UN Equity","WELL",NA,"Welltower Inc"
"WFC UN Equity","WFC","Financial","Wells Fargo & Co"
"ALB UN Equity","ALB",NA,"Albemarle Corp"
"HON UN Equity","HON","Industrial","Honeywell International Inc"
"DHI UN Equity","DHI",NA,"DR Horton Inc"
"CHD UN Equity","CHD",NA,"Church & Dwight Co Inc"
"MCD UN Equity","MCD","Consumer, Cyclical","McDonald's Corp"
"PAYC UN Equity","PAYC",NA,"Paycom Software Inc"
"HRL UN Equity","HRL",NA,"Hormel Foods Corp"
"MCO UN Equity","MCO",NA,"Moody's Corp"
"WMB UN Equity","WMB",NA,"Williams Cos Inc/The"
"BWA UN Equity","BWA",NA,"BorgWarner Inc"
"TSN UN Equity","TSN",NA,"Tyson Foods Inc"
"RJF UN Equity","RJF",NA,"Raymond James Financial Inc"
"SPG UN Equity","SPG","Financial","Simon Property Group Inc"
"RMD UN Equity","RMD",NA,"ResMed Inc"
"HSY UN Equity","HSY",NA,"Hershey Co/The"
"FCX UN Equity","FCX",NA,"Freeport-McMoRan Inc"
"PSX UN Equity","PSX",NA,"Phillips 66"
"WST UN Equity","WST",NA,"West Pharmaceutical Services Inc"
"MGM UN Equity","MGM",NA,"MGM Resorts International"
"DOW UN Equity","DOW",NA,"Dow Inc"
"ROK UN Equity","ROK",NA,"Rockwell Automation Inc"
"UA UN Equity","UA",NA,"Under Armour Inc"
"UAA UN Equity","UAA",NA,"Under Armour Inc"
"PHM UN Equity","PHM",NA,"PulteGroup Inc"
"CVX UN Equity","CVX","Energy","Chevron Corp"
"CXO UN Equity","CXO",NA,"Concho Resources Inc"
"TFC UN Equity","TFC",NA,"Truist Financial Corp"
"OKE UN Equity","OKE",NA,"ONEOK Inc"
"LVS UN Equity","LVS",NA,"Las Vegas Sands Corp"
"XYL UN Equity","XYL",NA,"Xylem Inc/NY"
"RTX UN Equity","RTX",NA,"Raytheon Technologies Corp"
"DTE UN Equity","DTE",NA,"DTE Energy Co"
"TIF UN Equity","TIF",NA,"Tiffany & Co"
"LYV UN Equity","LYV",NA,"Live Nation Entertainment Inc"
"DVN UN Equity","DVN",NA,"Devon Energy Corp"
"MOS UN Equity","MOS",NA,"Mosaic Co/The"
"UNP UN Equity","UNP","Industrial","Union Pacific Corp"
"HLT UN Equity","HLT",NA,"Hilton Worldwide Holdings Inc"
"URI UN Equity","URI",NA,"United Rentals Inc"
"RE UN Equity","RE",NA,"Everest Re Group Ltd"
"EVRG UN Equity","EVRG",NA,"Evergy Inc"
"DGX UN Equity","DGX",NA,"Quest Diagnostics Inc"
"ED UN Equity","ED",NA,"Consolidated Edison Inc"
"WHR UN Equity","WHR",NA,"Whirlpool Corp"
"USB UN Equity","USB","Financial","US Bancorp"
"VAR UN Equity","VAR",NA,"Varian Medical Systems Inc"
"LEG UN Equity","LEG",NA,"Leggett & Platt Inc"
"MS UN Equity","MS","Financial","Morgan Stanley"
"RHI UN Equity","RHI",NA,"Robert Half International Inc"
"BDX UN Equity","BDX",NA,"Becton Dickinson and Co"
"F UN Equity","F","Consumer, Cyclical","Ford Motor Co"
"PSA UN Equity","PSA",NA,"Public Storage"
"CMS UN Equity","CMS",NA,"CMS Energy Corp"
"VLO UN Equity","VLO",NA,"Valero Energy Corp"
"TWTR UN Equity","TWTR",NA,"Twitter Inc"
"MET UN Equity","MET","Financial","MetLife Inc"
"NUE UN Equity","NUE",NA,"Nucor Corp"
"K UN Equity","K",NA,"Kellogg Co"
"TDY UN Equity","TDY",NA,"Teledyne Technologies Inc"
"PVH UN Equity","PVH",NA,"PVH Corp"
"PG UN Equity","PG","Consumer, Non-cyclical","Procter & Gamble Co/The"
"PXD UN Equity","PXD",NA,"Pioneer Natural Resources Co"
"TYL UN Equity","TYL",NA,"Tyler Technologies Inc"
"UNM UN Equity","UNM",NA,"Unum Group"
"CMG UN Equity","CMG",NA,"Chipotle Mexican Grill Inc"
"KSS UN Equity","KSS",NA,"Kohl's Corp"
"MMC UN Equity","MMC",NA,"Marsh & McLennan Cos Inc"
"PKG UN Equity","PKG",NA,"Packaging Corp of America"
"ITW UN Equity","ITW",NA,"Illinois Tool Works Inc"
"PKI UN Equity","PKI",NA,"PerkinElmer Inc"
"PLD UN Equity","PLD",NA,"Prologis Inc"
"WAB UN Equity","WAB",NA,"Westinghouse Air Brake Technologies Corp"
"MO UN Equity","MO","Consumer, Non-cyclical","Altria Group Inc"
"UNH UN Equity","UNH","Consumer, Non-cyclical","UnitedHealth Group Inc"
"A UN Equity","A",NA,"Agilent Technologies Inc"
"TJX UN Equity","TJX",NA,"TJX Cos Inc/The"
"SYY UN Equity","SYY",NA,"Sysco Corp"
"ZTS UN Equity","ZTS",NA,"Zoetis Inc"
"NRG UN Equity","NRG",NA,"NRG Energy Inc"
"ARE UN Equity","ARE",NA,"Alexandria Real Estate Equities Inc"
"WRB UN Equity","WRB",NA,"W R Berkley Corp"
"GPN UN Equity","GPN",NA,"Global Payments Inc"
"NLSN UN Equity","NLSN",NA,"Nielsen Holdings PLC"
"OXY UN Equity","OXY","Energy","Occidental Petroleum Corp"
"VZ UN Equity","VZ","Communications","Verizon Communications Inc"
"EMN UN Equity","EMN",NA,"Eastman Chemical Co"
"DIS UN Equity","DIS","Communications","Walt Disney Co/The"
"NOV UN Equity","NOV",NA,"National Oilwell Varco Inc"
"RF UN Equity","RF",NA,"Regions Financial Corp"
"ZBH UN Equity","ZBH",NA,"Zimmer Biomet Holdings Inc"
"SCHW UN Equity","SCHW",NA,"Charles Schwab Corp/The"
"T UN Equity","T","Communications","AT&T Inc"
"APTV UN Equity","APTV",NA,"Aptiv PLC"
"KIM UN Equity","KIM",NA,"Kimco Realty Corp"
"VMC UN Equity","VMC",NA,"Vulcan Materials Co"
"AVB UN Equity","AVB",NA,"AvalonBay Communities Inc"
"HAL UN Equity","HAL","Energy","Halliburton Co"
"CFG UN Equity","CFG",NA,"Citizens Financial Group Inc"
"BAC UN Equity","BAC","Financial","Bank of America Corp"
"TXT UN Equity","TXT",NA,"Textron Inc"
"WAT UN Equity","WAT",NA,"Waters Corp"
"TEL UN Equity","TEL",NA,"TE Connectivity Ltd"
"CAG UN Equity","CAG",NA,"Conagra Brands Inc"
"XOM UN Equity","XOM","Energy","Exxon Mobil Corp"
"LUV UN Equity","LUV",NA,"Southwest Airlines Co"
"LHX UN Equity","LHX",NA,"L3Harris Technologies Inc"
"KR UN Equity","KR",NA,"Kroger Co/The"
"ICE UN Equity","ICE",NA,"Intercontinental Exchange Inc"
"COG UN Equity","COG",NA,"Cabot Oil & Gas Corp"
"CNP UN Equity","CNP",NA,"CenterPoint Energy Inc"
"XRX UN Equity","XRX",NA,"Xerox Holdings Corp"
"SJM UN Equity","SJM",NA,"J M Smucker Co/The"
"JPM UN Equity","JPM","Financial","JPMorgan Chase & Co"
"SNA UN Equity","SNA",NA,"Snap-on Inc"
"LYB UN Equity","LYB",NA,"LyondellBasell Industries NV"
"SPGI UN Equity","SPGI",NA,"S&P Global Inc"
"CF UN Equity","CF",NA,"CF Industries Holdings Inc"
"MRK UN Equity","MRK","Consumer, Non-cyclical","Merck & Co Inc"
"GPC UN Equity","GPC",NA,"Genuine Parts Co"
"TRV UN Equity","TRV","Financial","Travelers Cos Inc/The"
"GLW UN Equity","GLW",NA,"Corning Inc"
"TFX UN Equity","TFX",NA,"Teleflex Inc"
"KMI UN Equity","KMI",NA,"Kinder Morgan Inc"
"TDG UN Equity","TDG",NA,"TransDigm Group Inc"
"MMM UN Equity","MMM","Industrial","3M Co"
"O UN Equity","O",NA,"Realty Income Corp"
"RL UN Equity","RL",NA,"Ralph Lauren Corp"
"BLL UN Equity","BLL",NA,"Ball Corp"
"UHS UN Equity","UHS",NA,"Universal Health Services Inc"
"NEE UN Equity","NEE","Utilities","NextEra Energy Inc"
"SHW UN Equity","SHW",NA,"Sherwin-Williams Co/The"
"TMO UN Equity","TMO",NA,"Thermo Fisher Scientific Inc"
"MELI UW Equity","MELI","Communications","MercadoLibre Inc"
"NFLX UW Equity","NFLX","Communications","Netflix Inc"
"GILD UW Equity","GILD","Consumer, Non-cyclical","Gilead Sciences Inc"
"NBL UW Equity","NBL",NA,"Noble Energy Inc"
"ROST UW Equity","ROST","Consumer, Cyclical","Ross Stores Inc"
"VIAC UW Equity","VIAC",NA,"ViacomCBS Inc"
"AMAT UW Equity","AMAT","Technology","Applied Materials Inc"
"HOLX UW Equity","HOLX",NA,"Hologic Inc"
"FOXA UW Equity","FOXA",NA,"Fox Corp"
"BKNG UW Equity","BKNG","Communications","Booking Holdings Inc"
"AKAM UW Equity","AKAM",NA,"Akamai Technologies Inc"
"XLNX UW Equity","XLNX","Technology","Xilinx Inc"
"CPRT UW Equity","CPRT",NA,"Copart Inc"
"FB UW Equity","FB","Communications","Facebook Inc"
"PYPL UW Equity","PYPL","Consumer, Non-cyclical","PayPal Holdings Inc"
"WYNN UW Equity","WYNN","Consumer, Cyclical","Wynn Resorts Ltd"
"FFIV UW Equity","FFIV",NA,"F5 Networks Inc"
"CTSH UW Equity","CTSH","Technology","Cognizant Technology Solutions Corp"
"INCY UW Equity","INCY","Consumer, Non-cyclical","Incyte Corp"
"ALGN UW Equity","ALGN","Consumer, Non-cyclical","Align Technology Inc"
"SGEN UW Equity","SGEN",NA,"Seattle Genetics Inc"
"NWS UW Equity","NWS",NA,"News Corp"
"DISH UW Equity","DISH",NA,"DISH Network Corp"
"TMUS UW Equity","TMUS","Communications","T-Mobile US Inc"
"ZM UW Equity","ZM",NA,"Zoom Video Communications Inc"
"JBHT UW Equity","JBHT","Industrial","JB Hunt Transport Services Inc"
"ISRG UW Equity","ISRG","Consumer, Non-cyclical","Intuitive Surgical Inc"
"GOOG UW Equity","GOOG","Communications","Alphabet Inc"
"JD UW Equity","JD","Communications","JD.com Inc"
"REGN UW Equity","REGN","Consumer, Non-cyclical","Regeneron Pharmaceuticals Inc"
"LNT UW Equity","LNT",NA,"Alliant Energy Corp"
"ASML UW Equity","ASML","Technology","ASML Holding NV"
"BIIB UW Equity","BIIB","Consumer, Non-cyclical","Biogen Inc"
"CTXS UW Equity","CTXS","Technology","Citrix Systems Inc"
"DISCA UW Equity","DISCA",NA,"Discovery Inc"
"PCAR UW Equity","PCAR","Consumer, Cyclical","PACCAR Inc"
"CHTR UW Equity","CHTR","Communications","Charter Communications Inc"
"PBCT UW Equity","PBCT",NA,"People's United Financial Inc"
"DLTR UW Equity","DLTR","Consumer, Cyclical","Dollar Tree Inc"
"ALXN UW Equity","ALXN","Consumer, Non-cyclical","Alexion Pharmaceuticals Inc"
"EBAY UW Equity","EBAY","Communications","eBay Inc"
"PEP UW Equity","PEP","Consumer, Non-cyclical","PepsiCo Inc"
"CSX UW Equity","CSX","Industrial","CSX Corp"
"EXPE UW Equity","EXPE","Communications","Expedia Group Inc"
"AMGN UW Equity","AMGN","Consumer, Non-cyclical","Amgen Inc"
"LBTYK UW Equity","LBTYK","Communications","Liberty Global PLC"
"JKHY UW Equity","JKHY",NA,"Jack Henry & Associates Inc"
"NVDA UW Equity","NVDA","Technology","NVIDIA Corp"
"MYL UW Equity","MYL","Consumer, Non-cyclical","Mylan NV"
"CME UW Equity","CME",NA,"CME Group Inc"
"NXPI UW Equity","NXPI","Technology","NXP Semiconductors NV"
"CMCSA UW Equity","CMCSA","Communications","Comcast Corp"
"AMZN UW Equity","AMZN","Communications","Amazon.com Inc"
"INTC UW Equity","INTC","Technology","Intel Corp"
"KHC UW Equity","KHC","Consumer, Non-cyclical","Kraft Heinz Co/The"
"EQIX UW Equity","EQIX",NA,"Equinix Inc"
"KLAC UW Equity","KLAC",NA,"KLA Corp"
"DOCU UW Equity","DOCU",NA,"DocuSign Inc"
"HBAN UW Equity","HBAN",NA,"Huntington Bancshares Inc/OH"
"MXIM UW Equity","MXIM","Technology","Maxim Integrated Products Inc"
"ULTA UW Equity","ULTA","Consumer, Cyclical","Ulta Beauty Inc"
"ZBRA UW Equity","ZBRA",NA,"Zebra Technologies Corp"
"FOX UW Equity","FOX",NA,"Fox Corp"
"WDAY UW Equity","WDAY","Technology","Workday Inc"
"ORLY UW Equity","ORLY","Consumer, Cyclical","O'Reilly Automotive Inc"
"WDC UW Equity","WDC","Technology","Western Digital Corp"
"VRTX UW Equity","VRTX","Consumer, Non-cyclical","Vertex Pharmaceuticals Inc"
"ETFC UW Equity","ETFC",NA,"E*TRADE Financial Corp"
"TTWO UW Equity","TTWO","Technology","Take-Two Interactive Software Inc"
"COST UW Equity","COST","Consumer, Cyclical","Costco Wholesale Corp"
"MAR UW Equity","MAR","Consumer, Cyclical","Marriott International Inc/MD"
"EXPD UW Equity","EXPD",NA,"Expeditors International of Washington I"
"BMRN UW Equity","BMRN","Consumer, Non-cyclical","BioMarin Pharmaceutical Inc"
"SBAC UW Equity","SBAC",NA,"SBA Communications Corp"
"SNPS UW Equity","SNPS","Technology","Synopsys Inc"
"SBUX UW Equity","SBUX","Consumer, Cyclical","Starbucks Corp"
"PAYX UW Equity","PAYX","Technology","Paychex Inc"
"CHRW UW Equity","CHRW",NA,"CH Robinson Worldwide Inc"
"MSFT UW Equity","MSFT","Technology","Microsoft Corp"
"TSLA UW Equity","TSLA","Consumer, Cyclical","Tesla Inc"
"FAST UW Equity","FAST","Consumer, Cyclical","Fastenal Co"
"XEL UW Equity","XEL","Utilities","Xcel Energy Inc"
"INTU UW Equity","INTU","Technology","Intuit Inc"
"ADBE UW Equity","ADBE","Technology","Adobe Inc"
"AMD UW Equity","AMD","Technology","Advanced Micro Devices Inc"
"TROW UW Equity","TROW",NA,"T Rowe Price Group Inc"
"ADP UW Equity","ADP","Consumer, Non-cyclical","Automatic Data Processing Inc"
"TXN UW Equity","TXN","Technology","Texas Instruments Inc"
"PFG UW Equity","PFG",NA,"Principal Financial Group Inc"
"ADSK UW Equity","ADSK","Technology","Autodesk Inc"
"VRSK UW Equity","VRSK","Consumer, Non-cyclical","Verisk Analytics Inc"
"LRCX UW Equity","LRCX","Technology","Lam Research Corp"
"NWSA UW Equity","NWSA",NA,"News Corp"
"UAL UW Equity","UAL",NA,"United Airlines Holdings Inc"
"CDW UW Equity","CDW",NA,"CDW Corp/DE"
"VRSN UW Equity","VRSN","Communications","VeriSign Inc"
"QRVO UW Equity","QRVO",NA,"Qorvo Inc"
"NDAQ UW Equity","NDAQ",NA,"Nasdaq Inc"
"CTAS UW Equity","CTAS","Consumer, Non-cyclical","Cintas Corp"
"FITB UW Equity","FITB",NA,"Fifth Third Bancorp"
"FISV UW Equity","FISV","Technology","Fiserv Inc"
"MU UW Equity","MU","Technology","Micron Technology Inc"
"APA UW Equity","APA",NA,"Apache Corp"
"STX UW Equity","STX",NA,"Seagate Technology PLC"
"NWL UW Equity","NWL",NA,"Newell Brands Inc"
"ZION UW Equity","ZION",NA,"Zions Bancorp NA"
"TSCO UW Equity","TSCO",NA,"Tractor Supply Co"
"HSIC UW Equity","HSIC","Consumer, Non-cyclical","Henry Schein Inc"
"NTAP UW Equity","NTAP","Technology","NetApp Inc"
"CERN UW Equity","CERN","Technology","Cerner Corp"
"REG UW Equity","REG",NA,"Regency Centers Corp"
"ABMD UW Equity","ABMD",NA,"ABIOMED Inc"
"MRNA UW Equity","MRNA",NA,"Moderna Inc"
"LBTYA UW Equity","LBTYA","Communications","Liberty Global PLC"
"HAS UW Equity","HAS","Consumer, Cyclical","Hasbro Inc"
"CHKP UW Equity","CHKP","Technology","Check Point Software Technologies Ltd"
"GRMN UW Equity","GRMN",NA,"Garmin Ltd"
"MNST UW Equity","MNST","Consumer, Non-cyclical","Monster Beverage Corp"
"DISCK UW Equity","DISCK",NA,"Discovery Inc"
"CDNS UW Equity","CDNS","Technology","Cadence Design Systems Inc"
"ADI UW Equity","ADI","Technology","Analog Devices Inc"
"MKTX UW Equity","MKTX",NA,"MarketAxess Holdings Inc"
"ATVI UW Equity","ATVI","Technology","Activision Blizzard Inc"
"CINF UW Equity","CINF",NA,"Cincinnati Financial Corp"
"BIDU UW Equity","BIDU","Communications","Baidu Inc"
"TCOM UW Equity","TCOM",NA,"Trip.com Group Ltd"
"IPGP UW Equity","IPGP",NA,"IPG Photonics Corp"
"FLIR UW Equity","FLIR",NA,"FLIR Systems Inc"
"WLTW UW Equity","WLTW","Financial","Willis Towers Watson PLC"
"WBA UW Equity","WBA","Consumer, Cyclical","Walgreens Boots Alliance Inc"
"MCHP UW Equity","MCHP","Technology","Microchip Technology Inc"
"MDLZ UW Equity","MDLZ","Consumer, Non-cyclical","Mondelez International Inc"
"ODFL UW Equity","ODFL",NA,"Old Dominion Freight Line Inc"
"XRAY UW Equity","XRAY",NA,"DENTSPLY SIRONA Inc"
"AAL UW Equity","AAL","Consumer, Cyclical","American Airlines Group Inc"
"SIVB UW Equity","SIVB",NA,"SVB Financial Group"
"ILMN UW Equity","ILMN","Consumer, Non-cyclical","Illumina Inc"
"NTRS UW Equity","NTRS",NA,"Northern Trust Corp"
"SIRI UW Equity","SIRI","Communications","Sirius XM Holdings Inc"
"IDXX UW Equity","IDXX","Consumer, Non-cyclical","IDEXX Laboratories Inc"
"QCOM UW Equity","QCOM","Technology","QUALCOMM Inc"
"DXCM UW Equity","DXCM",NA,"DexCom Inc"
"AVGO UW Equity","AVGO","Technology","Broadcom Inc"
"NLOK UW Equity","NLOK",NA,"NortonLifeLock Inc"
"EXC UW Equity","EXC",NA,"Exelon Corp"
"ANSS UW Equity","ANSS",NA,"ANSYS Inc"
"GOOGL UW Equity","GOOGL","Communications","Alphabet Inc"
"NTES UW Equity","NTES","Technology","NetEase Inc"
"SPLK UW Equity","SPLK",NA,"Splunk Inc"
"LULU UW Equity","LULU","Consumer, Cyclical","Lululemon Athletica Inc"
"FTNT UW Equity","FTNT",NA,"Fortinet Inc"
"FANG UW Equity","FANG",NA,"Diamondback Energy Inc"
"CSCO UW Equity","CSCO","Communications","Cisco Systems Inc"
"SWKS UW Equity","SWKS","Technology","Skyworks Solutions Inc"
"LKQ UW Equity","LKQ",NA,"LKQ Corp"
"EA UW Equity","EA","Technology","Electronic Arts Inc"
"AAPL UW Equity","AAPL","Technology","Apple Inc"
